模型ID,public_id,名称,厂商,任务,关联端点,数量控制,比例,比例基线尺寸,分辨率档位,自定义尺寸,输出格式,参考图输入,选项字段,布尔字段,整数字段,数值字段,文本字段,系统提示词,官方必填参数,目录未暴露的官方参数,与官方默认值差异
fal-ai/z-image/turbo,z-image-turbo,Alibaba / Z Image Turbo,alibaba,text-to-image,fal-ai/z-image/turbo/image-to-image,1~4 张（字段 num_images）,1:1、16:9、9:16、4:3、3:4；默认 4:3,1:1=1024x1024；16:9=1280x720；9:16=720x1280；4:3=1024x768；3:4=768x1024,,字段 image_size,字段 output_format；jpeg、png、webp；默认 png,,acceleration：none/regular/high（默认 regular）,sync_mode；enable_safety_checker（默认 false）；enable_prompt_expansion（默认 true）,seed；num_inference_steps（1~8）,,,,prompt,,enable_safety_checker 本地默认 false（官方 true）；enable_prompt_expansion 本地默认 true（官方 false）
fal-ai/z-image/turbo/image-to-image,z-image-turbo/edit,Alibaba / Z Image Turbo Edit,alibaba,image-to-image,fal-ai/z-image/turbo,1~4 张（字段 num_images）,1:1、16:9、9:16、4:3、3:4；默认 4:3,1:1=1024x1024；16:9=1280x720；9:16=720x1280；4:3=1024x768；3:4=768x1024,,字段 image_size,字段 output_format；jpeg、png、webp；默认 png,字段 image_url（最多 1 张）,acceleration：none/regular/high（默认 regular）,sync_mode；enable_safety_checker（默认 false）；enable_prompt_expansion（默认 false）,seed；num_inference_steps（1~8）,,,,prompt、image_url,strength(number(-∞~1，默认0.6)),enable_safety_checker 本地默认 false（官方 true）
fal-ai/z-image/base,z-image-base,Alibaba / Z Image Base,alibaba,text-to-image,,1~4 张（字段 num_images）,16:9、4:3、9:16、3:4、1:1；默认 4:3,16:9=1280x720；4:3=1024x768；9:16=720x1280；3:4=768x1024；1:1=1024x1024,,字段 image_size,字段 output_format；jpeg、png、webp；默认 png,,acceleration：none/regular/high（默认 regular）,sync_mode；enable_safety_checker（默认 false）,seed；num_inference_steps（1~50）,,negative_prompt,,prompt,guidance_scale(number(1~20，默认4)),enable_safety_checker 本地默认 false（官方 true）
fal-ai/qwen-image-max/text-to-image,qwen-image-max,Alibaba / Qwen Image Max,alibaba,text-to-image,fal-ai/qwen-image-max/edit,1~4 张（字段 num_images）,16:9、4:3、9:16、3:4、1:1；默认 1:1,16:9=1280x720；4:3=1024x768；9:16=720x1280；3:4=768x1024；1:1=1024x1024,,字段 image_size,字段 output_format；jpeg、png、webp；默认 png,,,sync_mode；enable_safety_checker（默认 false）；enable_prompt_expansion（默认 true）,seed,,negative_prompt,,prompt,,enable_safety_checker 本地默认 false（官方 true）
fal-ai/qwen-image-max/edit,qwen-image-max/edit,Alibaba / Qwen Image Max Edit,alibaba,image-to-image,fal-ai/qwen-image-max/text-to-image,1~6 张（字段 num_images）,16:9、4:3、9:16、3:4、1:1；默认 1:1,16:9=1280x720；4:3=1024x768；9:16=720x1280；3:4=768x1024；1:1=1024x1024,,字段 image_size,字段 output_format；jpeg、png、webp；默认 png,字段 image_urls（最多 3 张）,,sync_mode；enable_safety_checker（默认 false）；enable_prompt_expansion（默认 true）,seed,,negative_prompt,,prompt、image_urls,,enable_safety_checker 本地默认 false（官方 true）
fal-ai/qwen-image-2/pro/text-to-image,qwen-image-2-pro,Alibaba / Qwen Image 2 Pro,alibaba,text-to-image,fal-ai/qwen-image-2/pro/edit,1~4 张（字段 num_images）,16:9、4:3、9:16、3:4、1:1；默认 1:1,16:9=1280x720；4:3=1024x768；9:16=720x1280；3:4=768x1024；1:1=1024x1024,,字段 image_size,字段 output_format；jpeg、png、webp；默认 png,,,sync_mode；enable_safety_checker（默认 false）；enable_prompt_expansion（默认 true）,seed,,negative_prompt,,prompt,,enable_safety_checker 本地默认 false（官方 true）
fal-ai/qwen-image-2/pro/edit,qwen-image-2-pro/edit,Alibaba / Qwen Image 2 Pro Edit,alibaba,image-to-image,fal-ai/qwen-image-2/pro/text-to-image,1~6 张（字段 num_images）,16:9、4:3、9:16、3:4、1:1；默认 1:1,16:9=1280x720；4:3=1024x768；9:16=720x1280；3:4=768x1024；1:1=1024x1024,,字段 image_size,字段 output_format；jpeg、png、webp；默认 png,字段 image_urls（最多 3 张）,,sync_mode；enable_safety_checker（默认 false）；enable_prompt_expansion（默认 true）,seed,,negative_prompt,,prompt、image_urls,,enable_safety_checker 本地默认 false（官方 true）
fal-ai/qwen-image-2/text-to-image,qwen-image-2,Alibaba / Qwen Image 2,alibaba,text-to-image,fal-ai/qwen-image-2/edit,1~4 张（字段 num_images）,16:9、4:3、9:16、3:4、1:1；默认 1:1,16:9=1280x720；4:3=1024x768；9:16=720x1280；3:4=768x1024；1:1=1024x1024,,字段 image_size,字段 output_format；jpeg、png、webp；默认 png,,,sync_mode；enable_safety_checker（默认 false）；enable_prompt_expansion（默认 true）,seed,,negative_prompt,,prompt,,enable_safety_checker 本地默认 false（官方 true）
fal-ai/qwen-image-2/edit,qwen-image-2/edit,Alibaba / Qwen Image 2 Edit,alibaba,image-to-image,fal-ai/qwen-image-2/text-to-image,1~6 张（字段 num_images）,16:9、4:3、9:16、3:4、1:1；默认 1:1,16:9=1280x720；4:3=1024x768；9:16=720x1280；3:4=768x1024；1:1=1024x1024,,字段 image_size,字段 output_format；jpeg、png、webp；默认 png,字段 image_urls（最多 3 张）,,sync_mode；enable_safety_checker（默认 false）；enable_prompt_expansion（默认 true）,seed,,negative_prompt,,prompt、image_urls,,enable_safety_checker 本地默认 false（官方 true）
fal-ai/qwen-image-2512,qwen-image-2512,Alibaba / Qwen Image 2512,alibaba,text-to-image,,1~4 张（字段 num_images）,16:9、4:3、9:16、3:4、1:1；默认 4:3,16:9=1280x720；4:3=1024x768；9:16=720x1280；3:4=768x1024；1:1=1024x1024,,字段 image_size,字段 output_format；jpeg、png、webp；默认 png,,acceleration：none/regular/high（默认 regular）,sync_mode；enable_safety_checker（默认 false）,seed；num_inference_steps（1~50）,,negative_prompt,,prompt,guidance_scale(number(0~20，默认4)),enable_safety_checker 本地默认 false（官方 true）
fal-ai/qwen-image,qwen-image,Alibaba / Qwen Image,alibaba,text-to-image,fal-ai/qwen-image/image-to-image,1~4 张（字段 num_images）,16:9、4:3、9:16、3:4、1:1；默认 4:3,16:9=1280x720；4:3=1024x768；9:16=720x1280；3:4=768x1024；1:1=1024x1024,,字段 image_size,字段 output_format；jpeg、png；默认 png,,acceleration：none/regular/high（默认 regular）,sync_mode；enable_safety_checker（默认 false）,seed；num_inference_steps（2~250）,,negative_prompt,,prompt,guidance_scale(number(0~20，默认2.5))；loras(array(默认[]))；use_turbo(boolean(默认False)),acceleration 本地默认 regular（官方 none）；enable_safety_checker 本地默认 false（官方 true）
fal-ai/qwen-image/image-to-image,qwen-image/edit,Alibaba / Qwen Image Edit,alibaba,image-to-image,fal-ai/qwen-image,1~4 张（字段 num_images）,16:9、4:3、9:16、3:4、1:1；默认 4:3,16:9=1280x720；4:3=1024x768；9:16=720x1280；3:4=768x1024；1:1=1024x1024,,字段 image_size,字段 output_format；jpeg、png；默认 png,字段 image_url（最多 1 张）,acceleration：none/regular/high（默认 regular）,sync_mode；enable_safety_checker（默认 false）,seed；num_inference_steps（2~250）,,negative_prompt,,prompt、image_url,guidance_scale(number(0~20，默认2.5))；loras(array(默认[]))；strength(number(0~1，默认0.6))；use_turbo(boolean(默认False)),acceleration 本地默认 regular（官方 none）；enable_safety_checker 本地默认 false（官方 true）
fal-ai/wan/v2.7/pro/text-to-image,wan-2.7-pro,Alibaba / Wan 2.7 Pro,alibaba,text-to-image,fal-ai/wan/v2.7/pro/edit,1~5 张（字段 num_images）,16:9、4:3、9:16、3:4、1:1；默认 1:1,16:9=1280x720；4:3=1024x768；9:16=720x1280；3:4=768x1024；1:1=1024x1024,,字段 image_size,字段 output_format；jpeg、png、webp；默认 jpeg,,,enable_safety_checker（默认 false）,seed,,negative_prompt,,prompt,,enable_safety_checker 本地默认 false（官方 true）
fal-ai/wan/v2.7/pro/edit,wan-2.7-pro/edit,Alibaba / Wan 2.7 Pro Edit,alibaba,image-to-image,fal-ai/wan/v2.7/pro/text-to-image,1~4 张（字段 num_images）,16:9、4:3、9:16、3:4、1:1；默认 1:1,16:9=1280x720；4:3=1024x768；9:16=720x1280；3:4=768x1024；1:1=1024x1024,,字段 image_size,字段 output_format；jpeg、png、webp；默认 jpeg,字段 image_urls（最多 4 张）,,enable_safety_checker（默认 false）,seed,,negative_prompt,,prompt、image_urls,enable_prompt_expansion(boolean(默认True)),enable_safety_checker 本地默认 false（官方 true）
fal-ai/wan/v2.7/text-to-image,wan-2.7,Alibaba / Wan 2.7,alibaba,text-to-image,fal-ai/wan/v2.7/edit,1~5 张（字段 num_images）,16:9、4:3、9:16、3:4、1:1；默认 1:1,16:9=1280x720；4:3=1024x768；9:16=720x1280；3:4=768x1024；1:1=1024x1024,,字段 image_size,字段 output_format；jpeg、png、webp；默认 jpeg,,,enable_safety_checker（默认 false）,seed,,negative_prompt,,prompt,,enable_safety_checker 本地默认 false（官方 true）
fal-ai/wan/v2.7/edit,wan-2.7/edit,Alibaba / Wan 2.7 Edit,alibaba,image-to-image,fal-ai/wan/v2.7/text-to-image,1~4 张（字段 num_images）,16:9、4:3、9:16、3:4、1:1；默认 1:1,16:9=1280x720；4:3=1024x768；9:16=720x1280；3:4=768x1024；1:1=1024x1024,,字段 image_size,字段 output_format；jpeg、png、webp；默认 jpeg,字段 image_urls（最多 4 张）,,enable_safety_checker（默认 false）,seed,,negative_prompt,,prompt、image_urls,enable_prompt_expansion(boolean(默认True)),enable_safety_checker 本地默认 false（官方 true）
wan/v2.6/text-to-image,wan-2.6,Alibaba / Wan 2.6,alibaba,text-to-image,wan/v2.6/image-to-image,1~5 张（字段 max_images）,16:9、4:3、9:16、3:4、1:1；默认 1:1,16:9=1280x720；4:3=1024x768；9:16=720x1280；3:4=768x1024；1:1=1024x1024,,字段 image_size,,,,enable_safety_checker（默认 false）,seed,,negative_prompt,,prompt,image_url(null|string),enable_safety_checker 本地默认 false（官方 true）
wan/v2.6/image-to-image,wan-2.6/edit,Alibaba / Wan 2.6 Edit,alibaba,image-to-image,wan/v2.6/text-to-image,1~4 张（字段 num_images）,16:9、4:3、9:16、3:4、1:1；默认 1:1,16:9=1280x720；4:3=1024x768；9:16=720x1280；3:4=768x1024；1:1=1024x1024,,字段 image_size,,字段 image_urls（最多 3 张）,,enable_safety_checker（默认 false）；enable_prompt_expansion（默认 true）,seed,,negative_prompt,,prompt、image_urls,,enable_safety_checker 本地默认 false（官方 true）
fal-ai/wan-25-preview/text-to-image,wan-2.5-preview,Alibaba / Wan 2.5 Preview,alibaba,text-to-image,fal-ai/wan-25-preview/image-to-image,1~4 张（字段 num_images）,16:9、4:3、9:16、3:4、1:1；默认 1:1,16:9=1280x720；4:3=1024x768；9:16=720x1280；3:4=768x1024；1:1=1024x1024,,字段 image_size；≤2.0736MP,,,,enable_safety_checker（默认 false）；enable_prompt_expansion（默认 true）,seed,,,,prompt,negative_prompt(null|string),enable_safety_checker 本地默认 false（官方 true）
fal-ai/wan-25-preview/image-to-image,wan-2.5-preview/edit,Alibaba / Wan 2.5 Preview Edit,alibaba,image-to-image,fal-ai/wan-25-preview/text-to-image,1~4 张（字段 num_images）,16:9、4:3、9:16、3:4、1:1；默认 1:1,16:9=1280x720；4:3=1024x768；9:16=720x1280；3:4=768x1024；1:1=1024x1024,,字段 image_size,,字段 image_urls（最多 2 张）,,enable_safety_checker（默认 false）,seed,,negative_prompt,,prompt、image_urls,,enable_safety_checker 本地默认 false（官方 true）
fal-ai/wan/v2.2-a14b/text-to-image,wan-2.2-a14b,Alibaba / Wan 2.2 (A14B),alibaba,text-to-image,fal-ai/wan/v2.2-a14b/image-to-image,1 张（不下发数量字段）,16:9、4:3、9:16、3:4、1:1；默认 1:1,16:9=1280x720；4:3=1024x768；9:16=720x1280；3:4=768x1024；1:1=1024x1024,,字段 image_size,,,,enable_safety_checker（默认 false）；enable_output_safety_checker（默认 false）；enable_prompt_expansion（默认 true）,seed,,negative_prompt,,prompt,acceleration(string(none/regular，默认regular))；guidance_scale(number(1~10，默认3.5))；guidance_scale_2(number(1~10，默认4))；num_inference_steps(integer(2~40，默认27))；shift(number(1~10，默认2)),enable_prompt_expansion 本地默认 true（官方 false）
fal-ai/wan/v2.2-a14b/image-to-image,wan-2.2-a14b/edit,Alibaba / Wan 2.2 (A14B) Edit,alibaba,image-to-image,fal-ai/wan/v2.2-a14b/text-to-image,1 张（不下发数量字段）,字段 aspect_ratio；auto、1:1、16:9、9:16；默认 auto,,,字段 image_size,字段 image_format；jpeg、png；默认 jpeg,字段 image_url（最多 1 张）,,enable_safety_checker（默认 false）；enable_output_safety_checker（默认 false）；enable_prompt_expansion（默认 true）,seed,,negative_prompt,,prompt、image_url,acceleration(string(none/regular，默认regular))；guidance_scale(number(1~10，默认3.5))；guidance_scale_2(number(1~10，默认4))；num_inference_steps(integer(2~40，默认27))；shift(number(1~10，默认2))；strength(number(0~1，默认0.5)),enable_prompt_expansion 本地默认 true（官方 false）
fal-ai/wan/v2.2-5b/text-to-image,wan-2.2-5b,Alibaba / Wan 2.2 (5B),alibaba,text-to-image,,1 张（不下发数量字段）,16:9、4:3、9:16、3:4、1:1；默认 1:1,16:9=1280x720；4:3=1024x768；9:16=720x1280；3:4=768x1024；1:1=1024x1024,,字段 image_size,字段 image_format；jpeg、png；默认 jpeg,,,enable_safety_checker（默认 false）；enable_output_safety_checker（默认 false）；enable_prompt_expansion（默认 true）,seed,,negative_prompt,,prompt,guidance_scale(number(1~10，默认3.5))；num_inference_steps(integer(2~50，默认40))；shift(number(1~10，默认2)),enable_prompt_expansion 本地默认 true（官方 false）
fal-ai/emu-3.5-image/text-to-image,emu-3.5-image,BAAI / Emu 3.5 Image,baai,text-to-image,fal-ai/emu-3.5-image/edit-image,1 张（不下发数量字段）,字段 aspect_ratio；21:9、16:9、4:3、3:2、1:1、2:3、3:4、9:16、9:21；默认 1:1,,字段 resolution；480p、720p；默认 720p,,字段 output_format；jpeg、png、webp；默认 png,,,enable_safety_checker（默认 false）；sync_mode（默认 false）,seed,,,,prompt,,enable_safety_checker 本地默认 false（官方 true）
fal-ai/emu-3.5-image/edit-image,emu-3.5-image-edit,BAAI / Emu 3.5 Image Edit,baai,image-to-image,fal-ai/emu-3.5-image/text-to-image,1 张（不下发数量字段）,字段 aspect_ratio；auto、21:9、16:9、4:3、3:2、1:1、2:3、3:4、9:16、9:21；默认 auto,,字段 resolution；480p、720p；默认 720p,,字段 output_format；jpeg、png、webp；默认 png,字段 image_url（最多 1 张）,,enable_safety_checker（默认 false）；sync_mode（默认 false）,seed,,,,prompt、image_url,,enable_safety_checker 本地默认 false（官方 true）
fal-ai/omnigen-v1,omnigen-v1,BAAI / OmniGen V1,baai,text-to-image,,1~4 张（字段 num_images）,1:1、3:4、9:16、4:3、16:9；默认 1:1,1:1=1024x1024；3:4=768x1024；9:16=720x1280；4:3=1024x768；16:9=1280x720,,字段 image_size,字段 output_format；jpeg、png；默认 jpeg,,,sync_mode（默认 false）；enable_safety_checker（默认 false）,seed；num_inference_steps（1~50）,guidance_scale（0~20）；img_guidance_scale（0~20）,,,prompt,input_image_urls(array(默认[])),enable_safety_checker 本地默认 false（官方 true）
fal-ai/omnigen-v2,omnigen-v2,BAAI / OmniGen V2,baai,text-to-image,,1~4 张（字段 num_images）,1:1、3:4、9:16、4:3、16:9；默认 1:1,1:1=1024x1024；3:4=768x1024；9:16=720x1280；4:3=1024x768；16:9=1280x720,,字段 image_size,字段 output_format；jpeg、png；默认 jpeg,,scheduler：euler/dpmsolver（默认 euler）,sync_mode（默认 false）；enable_safety_checker（默认 false）,seed；num_inference_steps（20~50）,text_guidance_scale（1~8）；image_guidance_scale（1~3）；cfg_range_start（0~1）；cfg_range_end（0~1）,negative_prompt,,prompt,input_image_urls(array(默认[])),enable_safety_checker 本地默认 false（官方 true）
fal-ai/ernie-image,ernie-image,Baidu / Ernie Image,baidu,text-to-image,,1~4 张（字段 num_images）,1:1、3:4、9:16、4:3、16:9；默认 1:1,1:1=1024x1024；3:4=768x1024；9:16=720x1280；4:3=1024x768；16:9=1280x720,,字段 image_size,字段 output_format；jpeg、png；默认 jpeg,,acceleration：none/regular/high（默认 regular）,enable_safety_checker（默认 false）；sync_mode；enable_prompt_expansion（默认 true）,seed；num_inference_steps（1~100）,guidance_scale（1~20）,negative_prompt,,prompt,,enable_safety_checker 本地默认 false（官方 true）
fal-ai/ernie-image/turbo,ernie-image-turbo,Baidu / Ernie Image Turbo,baidu,text-to-image,,1~4 张（字段 num_images）,1:1、3:4、9:16、4:3、16:9；默认 1:1,1:1=1024x1024；3:4=768x1024；9:16=720x1280；4:3=1024x768；16:9=1280x720,,字段 image_size,字段 output_format；jpeg、png；默认 jpeg,,acceleration：none/regular/high（默认 regular）,enable_safety_checker（默认 false）；sync_mode；enable_prompt_expansion（默认 true）,seed；num_inference_steps（1~20）,guidance_scale（1~20）,negative_prompt,,prompt,,enable_safety_checker 本地默认 false（官方 true）
fal-ai/flux-1/dev,flux-1-dev,Black Forest Labs / Flux-1 Dev,black-forest-labs,text-to-image,fal-ai/flux-1/dev/image-to-image,1~4 张（字段 num_images）,1:1、3:4、9:16、4:3、16:9；默认 4:3,1:1=1024x1024；3:4=768x1024；9:16=720x1280；4:3=1024x768；16:9=1280x720,,字段 image_size,字段 output_format；jpeg、png；默认 jpeg,,acceleration：none/regular/high（默认 none）,enable_safety_checker（默认 false）；sync_mode,seed；num_inference_steps（1~50）,guidance_scale（1~20）,,,prompt,,enable_safety_checker 本地默认 false（官方 true）
fal-ai/flux-1/dev/image-to-image,flux-1-dev-image-to-image,Black Forest Labs / Flux-1 Dev Edit,black-forest-labs,image-to-image,fal-ai/flux-1/dev,1~4 张（字段 num_images）,,,,,字段 output_format；jpeg、png；默认 jpeg,字段 image_url（最多 1 张）,acceleration：none/regular/high（默认 none）,enable_safety_checker（默认 false）；sync_mode,seed；num_inference_steps（10~50）,guidance_scale（1~20）,,,image_url、prompt,strength(number(0.01~1，默认0.95)),enable_safety_checker 本地默认 false（官方 true）
fal-ai/flux-1/krea,flux-1-krea,Black Forest Labs / Flux-1 Krea,black-forest-labs,text-to-image,fal-ai/flux-1/krea/image-to-image,1~4 张（字段 num_images）,1:1、3:4、9:16、4:3、16:9；默认 4:3,1:1=1024x1024；3:4=768x1024；9:16=720x1280；4:3=1024x768；16:9=1280x720,,字段 image_size,字段 output_format；jpeg、png；默认 jpeg,,acceleration：none/regular/high（默认 none）,enable_safety_checker（默认 false）；sync_mode,seed；num_inference_steps（1~50）,guidance_scale（1~20）,,,prompt,,enable_safety_checker 本地默认 false（官方 true）
fal-ai/flux-1/krea/image-to-image,flux-1-krea-image-to-image,Black Forest Labs / Flux-1 Krea Edit,black-forest-labs,image-to-image,fal-ai/flux-1/krea,1~4 张（字段 num_images）,,,,,字段 output_format；jpeg、png；默认 jpeg,字段 image_url（最多 1 张）,acceleration：none/regular/high（默认 none）,enable_safety_checker（默认 false）；sync_mode,seed；num_inference_steps（10~50）,guidance_scale（1~20）,,,image_url、prompt,strength(number(0.01~1，默认0.95)),enable_safety_checker 本地默认 false（官方 true）
fal-ai/flux-1/schnell,flux-1-schnell,Black Forest Labs / Flux-1 Schnell,black-forest-labs,text-to-image,,1~4 张（字段 num_images）,1:1、3:4、9:16、4:3、16:9；默认 4:3,1:1=1024x1024；3:4=768x1024；9:16=720x1280；4:3=1024x768；16:9=1280x720,,字段 image_size,字段 output_format；jpeg、png；默认 jpeg,,acceleration：none/regular/high（默认 none）,enable_safety_checker（默认 false）；sync_mode,seed；num_inference_steps（1~12）,guidance_scale（1~20）,,,prompt,,enable_safety_checker 本地默认 false（官方 true）
fal-ai/flux-1/srpo,flux-1-srpo,Black Forest Labs / Flux-1 Srpo,black-forest-labs,text-to-image,fal-ai/flux-1/srpo/image-to-image,1~4 张（字段 num_images）,1:1、3:4、9:16、4:3、16:9；默认 4:3,1:1=1024x1024；3:4=768x1024；9:16=720x1280；4:3=1024x768；16:9=1280x720,,字段 image_size,字段 output_format；jpeg、png；默认 jpeg,,acceleration：none/regular/high（默认 none）,enable_safety_checker（默认 false）；sync_mode,seed；num_inference_steps（1~50）,guidance_scale（1~20）,,,prompt,,enable_safety_checker 本地默认 false（官方 true）
fal-ai/flux-1/srpo/image-to-image,flux-1-srpo-image-to-image,Black Forest Labs / Flux-1 SRPO Edit,black-forest-labs,image-to-image,fal-ai/flux-1/srpo,1~4 张（字段 num_images）,,,,,字段 output_format；jpeg、png；默认 jpeg,字段 image_url（最多 1 张）,acceleration：none/regular/high（默认 none）,enable_safety_checker（默认 false）；sync_mode,seed；num_inference_steps（10~50）,guidance_scale（1~20）,,,image_url、prompt,strength(number(0.01~1，默认0.95)),enable_safety_checker 本地默认 false（官方 true）
fal-ai/flux-2,flux-2,Black Forest Labs / Flux-2,black-forest-labs,text-to-image,fal-ai/flux-2/edit,1~4 张（字段 num_images）,1:1、3:4、9:16、4:3、16:9；默认 4:3,1:1=1024x1024；3:4=768x1024；9:16=720x1280；4:3=1024x768；16:9=1280x720,,字段 image_size,字段 output_format；jpeg、png、webp；默认 png,,acceleration：none/regular/high（默认 regular）,enable_safety_checker（默认 false）；sync_mode；enable_prompt_expansion（默认 true）,seed；num_inference_steps（4~50）,guidance_scale（0~20）,,,prompt,,enable_safety_checker 本地默认 false（官方 true）；enable_prompt_expansion 本地默认 true（官方 false）
fal-ai/flux-2/edit,flux-2-edit,Black Forest Labs / Flux-2 Edit,black-forest-labs,image-to-image,fal-ai/flux-2,1~4 张（字段 num_images）,1:1、3:4、9:16、4:3、16:9；默认 4:3,1:1=1024x1024；3:4=768x1024；9:16=720x1280；4:3=1024x768；16:9=1280x720,,字段 image_size,字段 output_format；jpeg、png、webp；默认 png,字段 image_urls（最多 4 张）,acceleration：none/regular/high（默认 regular）,enable_safety_checker（默认 false）；sync_mode；enable_prompt_expansion（默认 true）,seed；num_inference_steps（4~50）,guidance_scale（0~20）,,,prompt、image_urls,,enable_safety_checker 本地默认 false（官方 true）；enable_prompt_expansion 本地默认 true（官方 false）
fal-ai/flux-2/flash,flux-2-flash,Black Forest Labs / Flux-2 Flash,black-forest-labs,text-to-image,fal-ai/flux-2/flash/edit,1~4 张（字段 num_images）,1:1、3:4、9:16、4:3、16:9；默认 4:3,1:1=1024x1024；3:4=768x1024；9:16=720x1280；4:3=1024x768；16:9=1280x720,,字段 image_size,字段 output_format；jpeg、png、webp；默认 png,,,enable_safety_checker（默认 false）；sync_mode；enable_prompt_expansion（默认 true）,seed,guidance_scale（0~20）,,,prompt,,enable_safety_checker 本地默认 false（官方 true）；enable_prompt_expansion 本地默认 true（官方 false）
fal-ai/flux-2/flash/edit,flux-2-flash-edit,Black Forest Labs / Flux-2 Flash Edit,black-forest-labs,image-to-image,fal-ai/flux-2/flash,1~4 张（字段 num_images）,1:1、3:4、9:16、4:3、16:9；默认 4:3,1:1=1024x1024；3:4=768x1024；9:16=720x1280；4:3=1024x768；16:9=1280x720,,字段 image_size,字段 output_format；jpeg、png、webp；默认 png,字段 image_urls（最多 4 张）,,enable_safety_checker（默认 false）；sync_mode；enable_prompt_expansion（默认 true）,seed,guidance_scale（0~20）,,,prompt、image_urls,,enable_safety_checker 本地默认 false（官方 true）；enable_prompt_expansion 本地默认 true（官方 false）
fal-ai/flux-2-flex,flux-2-flex,Black Forest Labs / Flux-2-Flex,black-forest-labs,text-to-image,fal-ai/flux-2-flex/edit,1 张（不下发数量字段）,1:1、3:4、9:16、4:3、16:9；默认 4:3,1:1=1024x1024；3:4=768x1024；9:16=720x1280；4:3=1024x768；16:9=1280x720,,字段 image_size,字段 output_format；jpeg、png；默认 jpeg,,safety_tolerance：1/2/3/4/5（默认 5）,enable_safety_checker（默认 false）；sync_mode,seed；num_inference_steps（2~50）,guidance_scale（1.5~10）,,,prompt,,safety_tolerance 本地默认 5（官方 2）；enable_safety_checker 本地默认 false（官方 true）
fal-ai/flux-2-flex/edit,flux-2-flex-edit,Black Forest Labs / Flux-2-Flex Edit,black-forest-labs,image-to-image,fal-ai/flux-2-flex,1 张（不下发数量字段）,1:1、3:4、9:16、4:3、16:9；默认 4:3,1:1=1024x1024；3:4=768x1024；9:16=720x1280；4:3=1024x768；16:9=1280x720,,字段 image_size,字段 output_format；jpeg、png；默认 jpeg,字段 image_urls（最多 1 张）,safety_tolerance：1/2/3/4/5（默认 5）,enable_safety_checker（默认 false）；sync_mode,seed；num_inference_steps（2~50）,guidance_scale（1.5~10）,,,prompt、image_urls,,safety_tolerance 本地默认 5（官方 2）；enable_safety_checker 本地默认 false（官方 true）
fal-ai/flux-2/klein/4b,flux-2-klein-4b,Black Forest Labs / Flux-2 Klein 4B,black-forest-labs,text-to-image,fal-ai/flux-2/klein/4b/edit,1~4 张（字段 num_images）,1:1、3:4、9:16、4:3、16:9；默认 4:3,1:1=1024x1024；3:4=768x1024；9:16=720x1280；4:3=1024x768；16:9=1280x720,,字段 image_size,字段 output_format；jpeg、png、webp；默认 png,,,enable_safety_checker（默认 false）；sync_mode,seed；num_inference_steps（4~8）,,,,prompt,,enable_safety_checker 本地默认 false（官方 true）
fal-ai/flux-2/klein/4b/edit,flux-2-klein-4b-edit,Black Forest Labs / Flux-2 Klein 4B Edit,black-forest-labs,image-to-image,fal-ai/flux-2/klein/4b,1~4 张（字段 num_images）,1:1、3:4、9:16、4:3、16:9；默认 4:3,1:1=1024x1024；3:4=768x1024；9:16=720x1280；4:3=1024x768；16:9=1280x720,,字段 image_size,字段 output_format；jpeg、png、webp；默认 png,字段 image_urls（最多 4 张）,,enable_safety_checker（默认 false）；sync_mode,seed；num_inference_steps（4~8）,,,,prompt、image_urls,,enable_safety_checker 本地默认 false（官方 true）
fal-ai/flux-2/klein/4b/base,flux-2-klein-4b-base,Black Forest Labs / Flux-2 Klein 4B Base,black-forest-labs,text-to-image,fal-ai/flux-2/klein/4b/base/edit,1~4 张（字段 num_images）,1:1、3:4、9:16、4:3、16:9；默认 4:3,1:1=1024x1024；3:4=768x1024；9:16=720x1280；4:3=1024x768；16:9=1280x720,,字段 image_size,字段 output_format；jpeg、png、webp；默认 png,,acceleration：none/regular/high（默认 regular）,enable_safety_checker（默认 false）；sync_mode,seed；num_inference_steps（4~50）,guidance_scale（0~20）,negative_prompt,,prompt,,enable_safety_checker 本地默认 false（官方 true）
fal-ai/flux-2/klein/4b/base/edit,flux-2-klein-4b-base-edit,Black Forest Labs / Flux-2 Klein 4B Base Edit,black-forest-labs,image-to-image,fal-ai/flux-2/klein/4b/base,1~4 张（字段 num_images）,1:1、3:4、9:16、4:3、16:9；默认 4:3,1:1=1024x1024；3:4=768x1024；9:16=720x1280；4:3=1024x768；16:9=1280x720,,字段 image_size,字段 output_format；jpeg、png、webp；默认 png,字段 image_urls（最多 4 张）,acceleration：none/regular/high（默认 regular）,enable_safety_checker（默认 false）；sync_mode,seed；num_inference_steps（4~50）,guidance_scale（0~20）,negative_prompt,,prompt、image_urls,,enable_safety_checker 本地默认 false（官方 true）
fal-ai/flux-2/klein/9b,flux-2-klein-9b,Black Forest Labs / Flux-2 Klein 9B,black-forest-labs,text-to-image,fal-ai/flux-2/klein/9b/edit,1~4 张（字段 num_images）,1:1、3:4、9:16、4:3、16:9；默认 4:3,1:1=1024x1024；3:4=768x1024；9:16=720x1280；4:3=1024x768；16:9=1280x720,,字段 image_size,字段 output_format；jpeg、png、webp；默认 png,,,enable_safety_checker（默认 false）；sync_mode,seed；num_inference_steps（4~8）,,,,prompt,,enable_safety_checker 本地默认 false（官方 true）
fal-ai/flux-2/klein/9b/edit,flux-2-klein-9b-edit,Black Forest Labs / Flux-2 Klein 9B Edit,black-forest-labs,image-to-image,fal-ai/flux-2/klein/9b,1~4 张（字段 num_images）,1:1、3:4、9:16、4:3、16:9；默认 4:3,1:1=1024x1024；3:4=768x1024；9:16=720x1280；4:3=1024x768；16:9=1280x720,,字段 image_size,字段 output_format；jpeg、png、webp；默认 png,字段 image_urls（最多 4 张）,,enable_safety_checker（默认 false）；sync_mode,seed；num_inference_steps（4~8）,,,,prompt、image_urls,,enable_safety_checker 本地默认 false（官方 true）
fal-ai/flux-2/klein/9b/base,flux-2-klein-9b-base,Black Forest Labs / Flux-2 Klein 9B Base,black-forest-labs,text-to-image,fal-ai/flux-2/klein/9b/base/edit,1~4 张（字段 num_images）,1:1、3:4、9:16、4:3、16:9；默认 4:3,1:1=1024x1024；3:4=768x1024；9:16=720x1280；4:3=1024x768；16:9=1280x720,,字段 image_size,字段 output_format；jpeg、png、webp；默认 png,,acceleration：none/regular/high（默认 regular）,enable_safety_checker（默认 false）；sync_mode,seed；num_inference_steps（4~50）,guidance_scale（0~20）,negative_prompt,,prompt,,enable_safety_checker 本地默认 false（官方 true）
fal-ai/flux-2/klein/9b/base/edit,flux-2-klein-9b-base-edit,Black Forest Labs / Flux-2 Klein 9B Base Edit,black-forest-labs,image-to-image,fal-ai/flux-2/klein/9b/base,1~4 张（字段 num_images）,1:1、3:4、9:16、4:3、16:9；默认 4:3,1:1=1024x1024；3:4=768x1024；9:16=720x1280；4:3=1024x768；16:9=1280x720,,字段 image_size,字段 output_format；jpeg、png、webp；默认 png,字段 image_urls（最多 4 张）,acceleration：none/regular/high（默认 regular）,enable_safety_checker（默认 false）；sync_mode,seed；num_inference_steps（4~50）,guidance_scale（0~20）,negative_prompt,,prompt、image_urls,,enable_safety_checker 本地默认 false（官方 true）
fal-ai/flux-2-max,flux-2-max,Black Forest Labs / Flux-2-Max,black-forest-labs,text-to-image,fal-ai/flux-2-max/edit,1 张（不下发数量字段）,1:1、3:4、9:16、4:3、16:9；默认 4:3,1:1=1024x1024；3:4=768x1024；9:16=720x1280；4:3=1024x768；16:9=1280x720,,字段 image_size,字段 output_format；jpeg、png；默认 jpeg,,safety_tolerance：1/2/3/4/5（默认 5）,enable_safety_checker（默认 false）；sync_mode,seed,,,,prompt,,safety_tolerance 本地默认 5（官方 2）；enable_safety_checker 本地默认 false（官方 true）
fal-ai/flux-2-max/edit,flux-2-max-edit,Black Forest Labs / Flux-2-Max Edit,black-forest-labs,image-to-image,fal-ai/flux-2-max,1 张（不下发数量字段）,1:1、3:4、9:16、4:3、16:9；默认 4:3,1:1=1024x1024；3:4=768x1024；9:16=720x1280；4:3=1024x768；16:9=1280x720,,字段 image_size,字段 output_format；jpeg、png；默认 jpeg,字段 image_urls（最多 1 张）,safety_tolerance：1/2/3/4/5（默认 5）,enable_safety_checker（默认 false）；sync_mode,seed,,,,prompt、image_urls,,safety_tolerance 本地默认 5（官方 2）；enable_safety_checker 本地默认 false（官方 true）
fal-ai/flux-2-pro,flux-2-pro,Black Forest Labs / Flux-2-Pro,black-forest-labs,text-to-image,fal-ai/flux-2-pro/edit,1 张（不下发数量字段）,1:1、3:4、9:16、4:3、16:9；默认 4:3,1:1=1024x1024；3:4=768x1024；9:16=720x1280；4:3=1024x768；16:9=1280x720,,字段 image_size,字段 output_format；jpeg、png；默认 jpeg,,safety_tolerance：1/2/3/4/5（默认 5）,enable_safety_checker（默认 false）；sync_mode,seed,,,,prompt,,safety_tolerance 本地默认 5（官方 2）；enable_safety_checker 本地默认 false（官方 true）
fal-ai/flux-2-pro/edit,flux-2-pro-edit,Black Forest Labs / Flux-2-Pro Edit,black-forest-labs,image-to-image,fal-ai/flux-2-pro,1 张（不下发数量字段）,1:1、3:4、9:16、4:3、16:9；默认 4:3,1:1=1024x1024；3:4=768x1024；9:16=720x1280；4:3=1024x768；16:9=1280x720,,字段 image_size,字段 output_format；jpeg、png；默认 jpeg,字段 image_urls（最多 1 张）,safety_tolerance：1/2/3/4/5（默认 5）,enable_safety_checker（默认 false）；sync_mode,seed,,,,prompt、image_urls,,safety_tolerance 本地默认 5（官方 2）；enable_safety_checker 本地默认 false（官方 true）
fal-ai/flux-2/turbo,flux-2-turbo,Black Forest Labs / Flux-2 Turbo,black-forest-labs,text-to-image,fal-ai/flux-2/turbo/edit,1~4 张（字段 num_images）,1:1、3:4、9:16、4:3、16:9；默认 4:3,1:1=1024x1024；3:4=768x1024；9:16=720x1280；4:3=1024x768；16:9=1280x720,,字段 image_size,字段 output_format；jpeg、png、webp；默认 png,,,enable_safety_checker（默认 false）；sync_mode；enable_prompt_expansion（默认 true）,seed,guidance_scale（0~20）,,,prompt,,enable_safety_checker 本地默认 false（官方 true）；enable_prompt_expansion 本地默认 true（官方 false）
fal-ai/flux-2/turbo/edit,flux-2-turbo-edit,Black Forest Labs / Flux-2 Turbo Edit,black-forest-labs,image-to-image,fal-ai/flux-2/turbo,1~4 张（字段 num_images）,1:1、3:4、9:16、4:3、16:9；默认 4:3,1:1=1024x1024；3:4=768x1024；9:16=720x1280；4:3=1024x768；16:9=1280x720,,字段 image_size,字段 output_format；jpeg、png、webp；默认 png,字段 image_urls（最多 4 张）,,enable_safety_checker（默认 false）；sync_mode；enable_prompt_expansion（默认 true）,seed,guidance_scale（0~20）,,,prompt、image_urls,,enable_safety_checker 本地默认 false（官方 true）；enable_prompt_expansion 本地默认 true（官方 false）
fal-ai/flux/dev,flux-dev,Black Forest Labs / Flux Dev,black-forest-labs,text-to-image,fal-ai/flux/dev/image-to-image,1~4 张（字段 num_images）,1:1、3:4、9:16、4:3、16:9；默认 4:3,1:1=1024x1024；3:4=768x1024；9:16=720x1280；4:3=1024x768；16:9=1280x720,,字段 image_size,字段 output_format；jpeg、png；默认 jpeg,,acceleration：none/regular/high（默认 none）,enable_safety_checker（默认 false）；sync_mode,seed；num_inference_steps（1~50）,guidance_scale（1~20）,,,prompt,,enable_safety_checker 本地默认 false（官方 true）
fal-ai/flux/dev/image-to-image,flux-dev-image-to-image,Black Forest Labs / Flux Dev Edit,black-forest-labs,image-to-image,fal-ai/flux/dev,1~4 张（字段 num_images）,,,,,字段 output_format；jpeg、png；默认 jpeg,字段 image_url（最多 1 张）,acceleration：none/regular/high（默认 none）,enable_safety_checker（默认 false）；sync_mode,seed；num_inference_steps（10~50）,guidance_scale（1~20）,,,image_url、prompt,strength(number(0.01~1，默认0.95)),enable_safety_checker 本地默认 false（官方 true）
fal-ai/flux/krea,flux-krea,Black Forest Labs / Flux Krea,black-forest-labs,text-to-image,fal-ai/flux/krea/image-to-image,1~4 张（字段 num_images）,1:1、3:4、9:16、4:3、16:9；默认 4:3,1:1=1024x1024；3:4=768x1024；9:16=720x1280；4:3=1024x768；16:9=1280x720,,字段 image_size,字段 output_format；jpeg、png；默认 jpeg,,acceleration：none/regular/high（默认 none）,enable_safety_checker（默认 false）；sync_mode,seed；num_inference_steps（1~50）,guidance_scale（1~20）,,,prompt,,enable_safety_checker 本地默认 false（官方 true）
fal-ai/flux/krea/image-to-image,flux-krea-image-to-image,Black Forest Labs / Flux Krea Edit,black-forest-labs,image-to-image,fal-ai/flux/krea,1~4 张（字段 num_images）,,,,,字段 output_format；jpeg、png；默认 jpeg,字段 image_url（最多 1 张）,acceleration：none/regular/high（默认 none）,enable_safety_checker（默认 false）；sync_mode,seed；num_inference_steps（10~50）,guidance_scale（1~20）,,,image_url、prompt,strength(number(0.01~1，默认0.95)),enable_safety_checker 本地默认 false（官方 true）
fal-ai/flux-pro/kontext,flux-pro-kontext,Black Forest Labs / Flux-Pro Kontext Edit,black-forest-labs,image-to-image,fal-ai/flux-pro/kontext/text-to-image,1~4 张（字段 num_images）,字段 aspect_ratio；21:9、16:9、4:3、3:2、1:1、2:3、3:4、9:16、9:21；默认 1:1,,,,字段 output_format；jpeg、png；默认 jpeg,字段 image_url（最多 1 张）,safety_tolerance：1/2/3/4/5/6（默认 6）,sync_mode；enhance_prompt（默认 true）,seed,,,,prompt、image_url,guidance_scale(number(1~20，默认3.5)),safety_tolerance 本地默认 6（官方 2）；enhance_prompt 本地默认 true（官方 false）
fal-ai/flux-pro/kontext/max,flux-pro-kontext-max,Black Forest Labs / Flux-Pro Kontext Max Edit,black-forest-labs,image-to-image,fal-ai/flux-pro/kontext/max/text-to-image,1~4 张（字段 num_images）,字段 aspect_ratio；21:9、16:9、4:3、3:2、1:1、2:3、3:4、9:16、9:21；默认 1:1,,,,字段 output_format；jpeg、png；默认 jpeg,字段 image_url（最多 1 张）,safety_tolerance：1/2/3/4/5/6（默认 6）,sync_mode；enhance_prompt（默认 true）,seed,,,,prompt、image_url,guidance_scale(number(1~20，默认3.5)),safety_tolerance 本地默认 6（官方 2）；enhance_prompt 本地默认 true（官方 false）
fal-ai/flux-pro/kontext/max/text-to-image,flux-pro-kontext-max-text-to-image,Black Forest Labs / Flux-Pro Kontext Max,black-forest-labs,text-to-image,fal-ai/flux-pro/kontext/max,1~4 张（字段 num_images）,字段 aspect_ratio；21:9、16:9、4:3、3:2、1:1、2:3、3:4、9:16、9:21；默认 1:1,,,,字段 output_format；jpeg、png；默认 jpeg,,safety_tolerance：1/2/3/4/5/6（默认 6）,sync_mode；enhance_prompt（默认 true）,seed,,,,prompt,guidance_scale(number(1~20，默认3.5)),safety_tolerance 本地默认 6（官方 2）；enhance_prompt 本地默认 true（官方 false）
fal-ai/flux-pro/kontext/text-to-image,flux-pro-kontext-text-to-image,Black Forest Labs / Flux-Pro Kontext,black-forest-labs,text-to-image,fal-ai/flux-pro/kontext,1~4 张（字段 num_images）,字段 aspect_ratio；21:9、16:9、4:3、3:2、1:1、2:3、3:4、9:16、9:21；默认 1:1,,,,字段 output_format；jpeg、png；默认 jpeg,,safety_tolerance：1/2/3/4/5/6（默认 6）,sync_mode；enhance_prompt（默认 true）,seed,,,,prompt,guidance_scale(number(1~20，默认3.5)),safety_tolerance 本地默认 6（官方 2）；enhance_prompt 本地默认 true（官方 false）
fal-ai/flux-pro/v1.1,flux-pro-v1.1,Black Forest Labs / Flux-Pro V1.1,black-forest-labs,text-to-image,,1~4 张（字段 num_images）,1:1、3:4、9:16、4:3、16:9；默认 4:3,1:1=1024x1024；3:4=768x1024；9:16=720x1280；4:3=1024x768；16:9=1280x720,,字段 image_size,字段 output_format；jpeg、png；默认 jpeg,,safety_tolerance：1/2/3/4/5/6（默认 6）,enhance_prompt（默认 true）；sync_mode,seed,,,,prompt,,safety_tolerance 本地默认 6（官方 2）；enhance_prompt 本地默认 true（官方 false）
fal-ai/flux-pro/v1.1-ultra,flux-pro-v1.1-ultra,Black Forest Labs / Flux-Pro V1.1-Ultra,black-forest-labs,text-to-image,,1~4 张（字段 num_images）,16:9,,,,字段 output_format；jpeg、png；默认 jpeg,,safety_tolerance：1/2/3/4/5/6（默认 6）,enhance_prompt（默认 true）；raw（默认 false）；sync_mode,seed,image_prompt_strength（0~1）,,,prompt,image_url(null|string),safety_tolerance 本地默认 6（官方 2）；enhance_prompt 本地默认 true（官方 false）
fal-ai/flux-pro/v1.1-ultra-finetuned,flux-pro-v1.1-ultra-finetuned,Black Forest Labs / Flux-Pro V1.1-Ultra-Finetuned,black-forest-labs,text-to-image,,1~4 张（字段 num_images）,16:9,,,,字段 output_format；jpeg、png；默认 jpeg,,safety_tolerance：1/2/3/4/5/6（默认 6）,enhance_prompt（默认 true）；raw（默认 false）；sync_mode,seed,finetune_strength（0~2）,finetune_id,,prompt、finetune_id、finetune_strength,image_prompt_strength(number(0~1，默认0.1))；image_url(null|string),safety_tolerance 本地默认 6（官方 2）；enhance_prompt 本地默认 true（官方 false）
fal-ai/flux/schnell,flux-schnell,Black Forest Labs / Flux Schnell,black-forest-labs,text-to-image,,1~4 张（字段 num_images）,1:1、3:4、9:16、4:3、16:9；默认 4:3,1:1=1024x1024；3:4=768x1024；9:16=720x1280；4:3=1024x768；16:9=1280x720,,字段 image_size,字段 output_format；jpeg、png；默认 jpeg,,acceleration：none/regular/high（默认 none）,enable_safety_checker（默认 false）；sync_mode,seed；num_inference_steps（1~12）,guidance_scale（1~20）,,,prompt,,enable_safety_checker 本地默认 false（官方 true）
fal-ai/flux/srpo,flux-srpo,Black Forest Labs / Flux Srpo,black-forest-labs,text-to-image,fal-ai/flux/srpo/image-to-image,1~4 张（字段 num_images）,1:1、3:4、9:16、4:3、16:9；默认 4:3,1:1=1024x1024；3:4=768x1024；9:16=720x1280；4:3=1024x768；16:9=1280x720,,字段 image_size,字段 output_format；jpeg、png；默认 jpeg,,acceleration：none/regular/high（默认 none）,enable_safety_checker（默认 false）；sync_mode,seed；num_inference_steps（1~50）,guidance_scale（1~20）,,,prompt,,enable_safety_checker 本地默认 false（官方 true）
fal-ai/flux/srpo/image-to-image,flux-srpo-image-to-image,Black Forest Labs / Flux SRPO Edit,black-forest-labs,image-to-image,fal-ai/flux/srpo,1~4 张（字段 num_images）,,,,,字段 output_format；jpeg、png；默认 jpeg,字段 image_url（最多 1 张）,acceleration：none/regular/high（默认 none）,enable_safety_checker（默认 false）；sync_mode,seed；num_inference_steps（10~50）,guidance_scale（1~20）,,,image_url、prompt,strength(number(0.01~1，默认0.95)),enable_safety_checker 本地默认 false（官方 true）
fal-ai/boogu-image,boogu-image,Boogu / Boogu Image,boogu,text-to-image,fal-ai/boogu-image/edit,1~4 张（字段 num_images）,1:1、3:4、9:16、4:3、16:9；默认 1:1,1:1=1024x1024；3:4=768x1024；9:16=720x1280；4:3=1024x768；16:9=1280x720,,字段 image_size,字段 output_format；jpeg、png；默认 jpeg,,,enable_safety_checker（默认 false）；sync_mode,seed；num_inference_steps（20~50）,guidance_scale（1~8）,negative_prompt,,prompt,cfg_range_end(number(0~1，默认1))；cfg_range_start(number(0~1，默认0)),enable_safety_checker 本地默认 false（官方 true）
fal-ai/boogu-image/edit,boogu-image-edit,Boogu / Boogu Image Edit,boogu,image-to-image,fal-ai/boogu-image,1~4 张（字段 num_images）,1:1、3:4、9:16、4:3、16:9；默认 1:1,1:1=1024x1024；3:4=768x1024；9:16=720x1280；4:3=1024x768；16:9=1280x720,,字段 image_size,字段 output_format；jpeg、png；默认 jpeg,字段 image_url（最多 1 张）,,enable_safety_checker（默认 false）；sync_mode,seed；num_inference_steps（20~50）,guidance_scale（1~8）；image_guidance_scale（1~8）,negative_prompt,,prompt、image_url,cfg_range_end(number(0~1，默认1))；cfg_range_start(number(0~1，默认0)),enable_safety_checker 本地默认 false（官方 true）
bria/fibo/generate,bria-fibo-generate,Bria AI / Fibo Generate,bria,text-to-image,,1 张（不下发数量字段）,字段 aspect_ratio；1:1、2:3、3:2、3:4、4:3、4:5、5:4、9:16、16:9；默认 1:1,,字段 resolution；1MP、4MP；默认 1MP,,,,,sync_mode,seed；steps_num（20~50）,,negative_prompt,,,image_url(null|string)；structured_prompt(null|object),
bria/fibo-lite/generate,bria-fibo-lite-generate,Bria AI / Fibo Lite Generate,bria,text-to-image,,1 张（不下发数量字段）,字段 aspect_ratio；1:1、2:3、3:2、3:4、4:3、4:5、5:4、9:16、16:9；默认 1:1,,,,,,,sync_mode,seed,,,,,image_url(null|string)；structured_prompt(null|object),
fal-ai/bria/text-to-image/base,bria-text-to-image-base,Bria AI / Base,bria,text-to-image,,1~4 张（字段 num_images）,字段 aspect_ratio；1:1、2:3、3:2、3:4、4:3、4:5、5:4、9:16、16:9；默认 1:1,,,,,,medium：photography/art,sync_mode；prompt_enhancement（默认 false）,seed（0~2147483647）；num_inference_steps（20~50）,guidance_scale（0~20）,negative_prompt,,prompt,guidance(array(默认[])),
fal-ai/bria/text-to-image/hd,bria-text-to-image-hd,Bria AI / HD,bria,text-to-image,,1~4 张（字段 num_images）,字段 aspect_ratio；1:1、2:3、3:2、3:4、4:3、4:5、5:4、9:16、16:9；默认 1:1,,,,,,medium：photography/art,sync_mode；prompt_enhancement（默认 false）,seed（0~2147483647）；num_inference_steps（20~50）,guidance_scale（0~20）,negative_prompt,,prompt,guidance(array(默认[])),
fal-ai/bytedance/seedream/v4/text-to-image,bytedance-seedream-v4,ByteDance / Seedream V4,bytedance,text-to-image,fal-ai/bytedance/seedream/v4/edit,1~6 张（字段 num_images）,,,,字段 image_size；宽 256~4096，高 256~4096，≤16.7772MP,,,enhance_prompt_mode：standard/fast（默认 standard）,sync_mode；enable_safety_checker（默认 false）,seed,,,,prompt,max_images(integer(1~6，默认1)),enable_safety_checker 本地默认 false（官方 true）
fal-ai/bytedance/seedream/v4/edit,bytedance-seedream-v4/edit,ByteDance / Seedream V4 Edit,bytedance,image-to-image,fal-ai/bytedance/seedream/v4/text-to-image,1~6 张（字段 num_images）,,,,字段 image_size；宽 256~4096，高 256~4096，≤16.7772MP,,字段 image_urls（最多 10 张）,enhance_prompt_mode：standard/fast（默认 standard）,sync_mode；enable_safety_checker（默认 false）,seed,,,,prompt、image_urls,max_images(integer(1~6，默认1)),enable_safety_checker 本地默认 false（官方 true）
fal-ai/bytedance/seedream/v4.5/text-to-image,bytedance-seedream-v4.5,ByteDance / Seedream V4.5,bytedance,text-to-image,fal-ai/bytedance/seedream/v4.5/edit,1~6 张（字段 num_images）,,,,字段 image_size；宽 256~4096，高 256~4096，≤16.7772MP,,,,enable_safety_checker（默认 false）,seed,,,,prompt,max_images(integer(1~6，默认1)),enable_safety_checker 本地默认 false（官方 true）
fal-ai/bytedance/seedream/v4.5/edit,bytedance-seedream-v4.5/edit,ByteDance / Seedream V4.5 Edit,bytedance,image-to-image,fal-ai/bytedance/seedream/v4.5/text-to-image,1~6 张（字段 num_images）,,,,字段 image_size；宽 256~4096，高 256~4096，≤16.7772MP,,字段 image_urls（最多 10 张）,,enable_safety_checker（默认 false）,seed,,,,prompt、image_urls,max_images(integer(1~6，默认1)),enable_safety_checker 本地默认 false（官方 true）
bytedance/seedream/v5/lite/text-to-image,bytedance-seedream-v5-lite,ByteDance / Seedream V5 Lite,bytedance,text-to-image,bytedance/seedream/v5/lite/edit,1~6 张（字段 num_images）,,,,字段 image_size；≤16.7772MP,,,,enable_safety_checker（默认 false）,,,,,prompt,max_images(integer(1~6，默认1))；return_byteplus_urls(boolean(默认False)),enable_safety_checker 本地默认 false（官方 true）
bytedance/seedream/v5/lite/edit,bytedance-seedream-v5-lite/edit,ByteDance / Seedream V5 Lite Edit,bytedance,image-to-image,bytedance/seedream/v5/lite/text-to-image,1~6 张（字段 num_images）,,,,字段 image_size；≤16.7772MP,,字段 image_urls（最多 10 张）,,enable_safety_checker（默认 false）,,,,,prompt、image_urls,max_images(integer(1~6，默认1)),enable_safety_checker 本地默认 false（官方 true）
bytedance/seedream/v5/pro/text-to-image,bytedance-seedream-v5-pro,ByteDance / Seedream V5 Pro,bytedance,text-to-image,bytedance/seedream/v5/pro/edit,1~6 张（字段 num_images）,,,,字段 image_size；≤4.1943MP,字段 output_format；jpeg、png；默认 jpeg,,,enable_safety_checker（默认 false）,,,,,prompt,,enable_safety_checker 本地默认 false（官方 true）
bytedance/seedream/v5/pro/edit,bytedance-seedream-v5-pro/edit,ByteDance / Seedream V5 Pro Edit,bytedance,image-to-image,bytedance/seedream/v5/pro/text-to-image,1~6 张（字段 num_images）,,,,字段 image_size；≤4.1943MP,字段 output_format；jpeg、png；默认 jpeg,字段 image_urls（最多 10 张）,,enable_safety_checker（默认 false）,,,,,prompt、image_urls,,enable_safety_checker 本地默认 false（官方 true）
fal-ai/janus,deepseek-janus-pro,DeepSeek / Janus Pro,deepseek,text-to-image,,1~16 张（字段 num_images）,1:1、3:4、9:16、4:3、16:9；默认 1:1,1:1=1024x1024；3:4=768x1024；9:16=720x1280；4:3=1024x768；16:9=1280x720,,字段 image_size,字段 output_format；jpeg、png；默认 png,,,enable_safety_checker（默认 false）,seed,temperature（0.1~2）；cfg_weight（1~20）,,,prompt,,enable_safety_checker 本地默认 false（官方 true）
fal-ai/bitdance,bitdance,Other / Bitdance,other,text-to-image,,1~4 张（字段 num_images）,1:1、3:4、9:16、4:3、16:9；默认 1:1,1:1=1024x1024；3:4=768x1024；9:16=720x1280；4:3=1024x768；16:9=1280x720,,字段 image_size,字段 output_format；jpeg、png；默认 jpeg,,,enable_safety_checker（默认 false）；sync_mode,seed；num_inference_steps（10~100）,guidance_scale（1~15）,,,prompt,,enable_safety_checker 本地默认 false（官方 true）
fal-ai/nucleus-image,nucleus-image,Other / Nucleus Image,other,text-to-image,,1~2 张（字段 num_images）,字段 aspect_ratio；1:1、16:9、9:16、4:3、3:4、3:2、2:3；默认 1:1,1:1=1024x1024；16:9=1024x576；9:16=576x1024；4:3=1024x768；3:4=768x1024；3:2=1024x683；2:3=683x1024,,,字段 output_format；jpeg、png；默认 png,,,enable_safety_checker（默认 false）；sync_mode,seed；num_inference_steps（1~100）,guidance_scale（0~20）,negative_prompt,,prompt,,enable_safety_checker 本地默认 false（官方 true）
fal-ai/ovis-image,ovis-image,Other / Ovis Image,other,text-to-image,,1~4 张（字段 num_images）,1:1、3:4、9:16、4:3、16:9；默认 4:3,1:1=1024x1024；3:4=768x1024；9:16=720x1280；4:3=1024x768；16:9=1280x720,,字段 image_size,字段 output_format；jpeg、png、webp；默认 png,,acceleration：none/regular/high（默认 regular）,enable_safety_checker（默认 false）；sync_mode,seed；num_inference_steps（1~50）,guidance_scale（1~20）,negative_prompt,,prompt,,enable_safety_checker 本地默认 false（官方 true）
fal-ai/dreamshaper,dreamshaper,Other / Dreamshaper,other,text-to-image,,1~8 张（字段 num_images）,,,,字段 image_size；宽 256~1024，高 256~1024，≤1.04858MP,,,format：jpeg/png（默认 jpeg）；safety_checker_version：v1/v2（默认 v1）,enable_safety_checker（默认 false）；sync_mode；expand_prompt,seed；num_inference_steps（1~70）,guidance_scale（0~20）,negative_prompt,,prompt,embeddings(array(默认[]))；loras(array(默认[]))；request_id(string(默认)),enable_safety_checker 本地默认 false（官方 true）
fal-ai/nano-banana-2,nano-banana-2,Google / Nano Banana 2,google,text-to-image,fal-ai/nano-banana-2/edit,1~4 张（字段 num_images）,字段 aspect_ratio；auto、21:9、16:9、3:2、4:3、5:4、1:1、4:5、3:4、2:3、9:16、4:1、1:4、8:1、1:8；默认 auto,,字段 resolution；0.5K、1K、2K、4K；默认 1K,,字段 output_format；jpeg、png、webp；默认 png,,safety_tolerance：1/2/3/4/5/6（默认 6）；thinking_level：minimal/high,sync_mode；limit_generations；enable_web_search,seed,,,支持,prompt,system_prompt(string(默认)),safety_tolerance 本地默认 6（官方 4）
fal-ai/nano-banana-2/edit,nano-banana-2/edit,Google / Nano Banana 2 Edit,google,image-to-image,fal-ai/nano-banana-2,1~4 张（字段 num_images）,字段 aspect_ratio；auto、21:9、16:9、3:2、4:3、5:4、1:1、4:5、3:4、2:3、9:16、4:1、1:4、8:1、1:8；默认 auto,,字段 resolution；0.5K、1K、2K、4K；默认 1K,,字段 output_format；jpeg、png、webp；默认 png,字段 image_urls,safety_tolerance：1/2/3/4/5/6（默认 6）；thinking_level：minimal/high,sync_mode；limit_generations；enable_web_search,seed,,,支持,prompt,audio_url(null|string)；pdf_url(null|string)；system_prompt(string(默认))；video_url(null|string),safety_tolerance 本地默认 6（官方 4）
google/nano-banana-2-lite,nano-banana-2-lite,Google / Nano Banana 2 Lite,google,text-to-image,,1~4 张（字段 num_images）,字段 aspect_ratio；auto、21:9、16:9、3:2、4:3、5:4、1:1、4:5、3:4、2:3、9:16、4:1、1:4、8:1、1:8；默认 auto,,,,字段 output_format；jpeg、png、webp；默认 png,,safety_tolerance：1/2/3/4/5/6（默认 6）；thinking_level：minimal/high,sync_mode；limit_generations,seed,,,支持,prompt,system_prompt(string(默认)),safety_tolerance 本地默认 6（官方 4）
fal-ai/nano-banana-pro,nano-banana-pro,Google / Nano Banana Pro,google,text-to-image,fal-ai/nano-banana-pro/edit,1~4 张（字段 num_images）,字段 aspect_ratio；auto、21:9、16:9、3:2、4:3、5:4、1:1、4:5、3:4、2:3、9:16；默认 1:1,,字段 resolution；1K、2K、4K；默认 1K,,字段 output_format；jpeg、png、webp；默认 png,,safety_tolerance：1/2/3/4/5/6（默认 6）,sync_mode；limit_generations；enable_web_search,seed,,,支持,prompt,system_prompt(string(默认)),safety_tolerance 本地默认 6（官方 4）
fal-ai/nano-banana-pro/edit,nano-banana-pro/edit,Google / Nano Banana Pro Edit,google,image-to-image,fal-ai/nano-banana-pro,1~4 张（字段 num_images）,字段 aspect_ratio；auto、21:9、16:9、3:2、4:3、5:4、1:1、4:5、3:4、2:3、9:16；默认 auto,,字段 resolution；1K、2K、4K；默认 1K,,字段 output_format；jpeg、png、webp；默认 png,字段 image_urls,safety_tolerance：1/2/3/4/5/6（默认 6）,sync_mode；limit_generations；enable_web_search,seed,,,支持,prompt、image_urls,system_prompt(string(默认)),safety_tolerance 本地默认 6（官方 4）
fal-ai/nano-banana,nano-banana,Google / Nano Banana,google,text-to-image,fal-ai/nano-banana/edit,1~4 张（字段 num_images）,字段 aspect_ratio；21:9、16:9、3:2、4:3、5:4、1:1、4:5、3:4、2:3、9:16；默认 1:1,,,,字段 output_format；jpeg、png、webp；默认 png,,safety_tolerance：1/2/3/4/5/6（默认 6）,sync_mode；limit_generations,seed,,,,prompt,,safety_tolerance 本地默认 6（官方 4）
fal-ai/nano-banana/edit,nano-banana/edit,Google / Nano Banana Edit,google,image-to-image,fal-ai/nano-banana,1~4 张（字段 num_images）,字段 aspect_ratio；auto、21:9、16:9、3:2、4:3、5:4、1:1、4:5、3:4、2:3、9:16；默认 auto,,,,字段 output_format；jpeg、png、webp；默认 png,字段 image_urls,safety_tolerance：1/2/3/4/5/6（默认 6）,sync_mode；limit_generations,seed,,,,prompt、image_urls,,safety_tolerance 本地默认 6（官方 4）
google/nano-banana-lite,nano-banana-lite,Google / Nano Banana Lite,google,text-to-image,google/nano-banana-lite/edit,1~4 张（字段 num_images）,字段 aspect_ratio；auto、21:9、16:9、3:2、4:3、5:4、1:1、4:5、3:4、2:3、9:16、4:1、1:4、8:1、1:8；默认 auto,,,,字段 output_format；jpeg、png、webp；默认 png,,safety_tolerance：1/2/3/4/5/6（默认 6）；thinking_level：minimal/high,sync_mode；limit_generations,seed,,,支持,prompt,system_prompt(string(默认)),safety_tolerance 本地默认 6（官方 4）
google/nano-banana-lite/edit,nano-banana-lite/edit,Google / Nano Banana Lite Edit,google,image-to-image,google/nano-banana-lite,1~4 张（字段 num_images）,字段 aspect_ratio；auto、21:9、16:9、3:2、4:3、5:4、1:1、4:5、3:4、2:3、9:16、4:1、1:4、8:1、1:8；默认 auto,,,,字段 output_format；jpeg、png、webp；默认 png,字段 image_urls,safety_tolerance：1/2/3/4/5/6（默认 6）；thinking_level：minimal/high,sync_mode；limit_generations,seed,,,支持,prompt,system_prompt(string(默认)),safety_tolerance 本地默认 6（官方 4）
fal-ai/hidream-i1-dev,hidream-i1-dev,Hidream / HiDream-I1 Dev,hidream,text-to-image,,1~4 张（字段 num_images）,,,,字段 image_size；宽 256~1024，高 256~1024，≤1.04858MP,字段 output_format；jpeg、png；默认 jpeg,,,enable_safety_checker（默认 false）；sync_mode,seed；num_inference_steps（1~50）,,negative_prompt,,prompt,,enable_safety_checker 本地默认 false（官方 true）
fal-ai/hidream-i1-fast,hidream-i1-fast,Hidream / HiDream-I1 Fast,hidream,text-to-image,,1~4 张（字段 num_images）,,,,字段 image_size；宽 256~1024，高 256~1024，≤1.04858MP,字段 output_format；jpeg、png；默认 jpeg,,,enable_safety_checker（默认 false）；sync_mode,seed；num_inference_steps（1~50）,,negative_prompt,,prompt,,enable_safety_checker 本地默认 false（官方 true）
fal-ai/hidream-i1-full,hidream-i1-full,Hidream / HiDream-I1 Full,hidream,text-to-image,fal-ai/hidream-i1-full/image-to-image,1~4 张（字段 num_images）,,,,字段 image_size；宽 256~1024，高 256~1024，≤1.04858MP,字段 output_format；jpeg、png；默认 jpeg,,,enable_safety_checker（默认 false）；sync_mode,seed；num_inference_steps（1~50）,guidance_scale（0~20）,negative_prompt,,prompt,loras(array|null),enable_safety_checker 本地默认 false（官方 true）
fal-ai/hidream-i1-full/image-to-image,hidream-i1-full-image-to-image,Hidream / HiDream-I1 Full Edit,hidream,image-to-image,fal-ai/hidream-i1-full,1~4 张（字段 num_images）,1:1、3:4、9:16、4:3、16:9；默认 1:1,1:1=1024x1024；3:4=768x1024；9:16=720x1280；4:3=1024x768；16:9=1280x720,,字段 image_size,字段 output_format；jpeg、png；默认 jpeg,字段 image_url（最多 1 张）,,enable_safety_checker（默认 false）；sync_mode,seed；num_inference_steps（1~50）,guidance_scale（0~20）；strength（0~1）,negative_prompt,,prompt、image_url,loras(array|null),enable_safety_checker 本地默认 false（官方 true）
fal-ai/hidream-o1-image,hidream-o1-image,Hidream / HiDream-O1 Image,hidream,text-to-image,fal-ai/hidream-o1-image/edit,1~4 张（字段 num_images）,,,,字段 image_size；宽 256~2048，高 256~2048，步长 32,字段 output_format；jpeg、png、webp；默认 png,,,enable_safety_checker（默认 false）；sync_mode；keep_original_aspect（默认 false）,seed；num_inference_steps（1~50）,guidance_scale（0~20）,,,prompt,reference_image_urls(array(默认[])),enable_safety_checker 本地默认 false（官方 true）
fal-ai/hidream-o1-image/edit,hidream-o1-image-edit,Hidream / HiDream-O1 Image Edit,hidream,image-to-image,fal-ai/hidream-o1-image,1~4 张（字段 num_images）,,,,字段 image_size；宽 256~2048，高 256~2048，步长 32,字段 output_format；jpeg、png、webp；默认 png,字段 reference_image_urls（最多 4 张）,,enable_safety_checker（默认 false）；sync_mode；keep_original_aspect（默认 false）,seed；num_inference_steps（1~50）,guidance_scale（0~20）,,,prompt、reference_image_urls,,enable_safety_checker 本地默认 false（官方 true）
fal-ai/hidream-o1-image/dev,hidream-o1-image-dev,Hidream / HiDream-O1 Image Dev,hidream,text-to-image,fal-ai/hidream-o1-image/dev/edit,1~4 张（字段 num_images）,,,,字段 image_size；宽 256~2048，高 256~2048，步长 32,字段 output_format；jpeg、png、webp；默认 png,,,enable_safety_checker（默认 false）；sync_mode；keep_original_aspect（默认 false）,seed；num_inference_steps（1~28）,guidance_scale（0~20）,,,prompt,reference_image_urls(array(默认[])),enable_safety_checker 本地默认 false（官方 true）
fal-ai/hidream-o1-image/dev/edit,hidream-o1-image-dev-edit,Hidream / HiDream-O1 Image Dev Edit,hidream,image-to-image,fal-ai/hidream-o1-image/dev,1~4 张（字段 num_images）,,,,字段 image_size；宽 256~2048，高 256~2048，步长 32,字段 output_format；jpeg、png、webp；默认 png,字段 reference_image_urls（最多 4 张）,,enable_safety_checker（默认 false）；sync_mode；keep_original_aspect（默认 false）,seed；num_inference_steps（1~28）,guidance_scale（0~20）,,,prompt、reference_image_urls,,enable_safety_checker 本地默认 false（官方 true）
fal-ai/ideogram/v2,ideogram-v2,Ideogram / Ideogram v2,ideogram,text-to-image,fal-ai/ideogram/v2/edit,未配置,10:16、16:10、9:16、16:9、4:3、3:4、1:1、1:3、3:1、3:2、2:3,,,,,,style：auto/general/realistic/design/render_3D/anime（默认 auto）,sync_mode；expand_prompt（默认 true）,seed,,negative_prompt,,prompt,,
fal-ai/ideogram/v2/edit,ideogram-v2-edit,Ideogram / V2 Edit,ideogram,image-to-image,fal-ai/ideogram/v2,未配置,,,,,,字段 image_url（最多 1 张）,style：auto/general/realistic/design/render_3D/anime（默认 auto）,sync_mode；expand_prompt（默认 true）,seed,,mask_url,,prompt、image_url、mask_url,,
fal-ai/ideogram/v2/turbo,ideogram-v2-turbo,Ideogram / V2 Turbo,ideogram,text-to-image,fal-ai/ideogram/v2/turbo/edit,未配置,10:16、16:10、9:16、16:9、4:3、3:4、1:1、1:3、3:1、3:2、2:3,,,,,,style：auto/general/realistic/design/render_3D/anime（默认 auto）,sync_mode；expand_prompt（默认 true）,seed,,negative_prompt,,prompt,,
fal-ai/ideogram/v2/turbo/edit,ideogram-v2-turbo-edit,Ideogram / Turbo Edit,ideogram,image-to-image,fal-ai/ideogram/v2/turbo,未配置,,,,,,字段 image_url（最多 1 张）,style：auto/general/realistic/design/render_3D/anime（默认 auto）,sync_mode；expand_prompt（默认 true）,seed,,mask_url,,prompt、image_url、mask_url,,
fal-ai/ideogram/v2a,ideogram-v2a,Ideogram / Ideogram v2a,ideogram,text-to-image,,未配置,10:16、16:10、9:16、16:9、4:3、3:4、1:1、1:3、3:1、3:2、2:3,,,,,,style：auto/general/realistic/design/render_3D/anime（默认 auto）,sync_mode；expand_prompt（默认 true）,seed,,,,prompt,,
fal-ai/ideogram/v2a/turbo,ideogram-v2a-turbo,Ideogram / V2a Turbo,ideogram,text-to-image,,未配置,10:16、16:10、9:16、16:9、4:3、3:4、1:1、1:3、3:1、3:2、2:3,,,,,,style：auto/general/realistic/design/render_3D/anime（默认 auto）,sync_mode；expand_prompt（默认 true）,seed,,,,prompt,,
fal-ai/ideogram/v3,ideogram-v3,Ideogram / Ideogram v3,ideogram,text-to-image,fal-ai/ideogram/v3/edit,1~8 张（字段 num_images）,1:1、3:4、9:16、4:3、16:9；默认 1:1,1:1=1024x1024；3:4=768x1024；9:16=720x1280；4:3=1024x768；16:9=1280x720,,字段 image_size,,,rendering_speed：TURBO/BALANCED/QUALITY（默认 BALANCED）；style：AUTO/GENERAL/REALISTIC/DESIGN（默认 AUTO）,sync_mode；expand_prompt（默认 true）,seed,,negative_prompt,,prompt,color_palette(null|object)；image_urls(array|null)；style_codes(array|null)；style_preset(null|string(80S_ILLUSTRATION/90S_NOSTALGIA/ABSTRACT_ORGANIC/ANALOG_NOSTALGIA/ART_BRUT/ART_DECO/ART_POSTER/AURA/AVANT_GARDE/BAUHAUS/BLUEPRINT/BLURRY_MOTION/BRIGHT_ART/C4D_CARTOON/CHILDRENS_BOOK/COLLAGE/COLORING_BOOK_I/COLORING_BOOK_II/CUBISM/DARK_AURA/DOODLE/DOUBLE_EXPOSURE/DRAMATIC_CINEMA/EDITORIAL/EMOTIONAL_MINIMAL/ETHEREAL_PARTY/EXPIRED_FILM/FLAT_ART/FLAT_VECTOR/FOREST_REVERIE/GEO_MINIMALIST/GLASS_PRISM/GOLDEN_HOUR/GRAFFITI_I/GRAFFITI_II/HALFTONE_PRINT/HIGH_CONTRAST/HIPPIE_ERA/ICONIC/JAPANDI_FUSION/JAZZY/LONG_EXPOSURE/MAGAZINE_EDITORIAL/MINIMAL_ILLUSTRATION/MIXED_MEDIA/MONOCHROME/NIGHTLIFE/OIL_PAINTING/OLD_CARTOONS/PAINT_GESTURE/POP_ART/RETRO_ETCHING/RIVIERA_POP/SPOTLIGHT_80S/STYLIZED_RED/SURREAL_COLLAGE/TRAVEL_POSTER/VINTAGE_GEO/VINTAGE_POSTER/WATERCOLOR/WEIRD/WOODBLOCK_PRINT)),
fal-ai/ideogram/v3/edit,ideogram-v3-edit,Ideogram / V3 Edit,ideogram,image-to-image,fal-ai/ideogram/v3,1~8 张（字段 num_images）,,,,,,字段 image_url（最多 1 张）,rendering_speed：TURBO/BALANCED/QUALITY（默认 BALANCED）,sync_mode；expand_prompt（默认 true）,seed,,mask_url,,prompt、image_url、mask_url,color_palette(null|object)；image_urls(array|null)；style_codes(array|null)；style_preset(null|string(80S_ILLUSTRATION/90S_NOSTALGIA/ABSTRACT_ORGANIC/ANALOG_NOSTALGIA/ART_BRUT/ART_DECO/ART_POSTER/AURA/AVANT_GARDE/BAUHAUS/BLUEPRINT/BLURRY_MOTION/BRIGHT_ART/C4D_CARTOON/CHILDRENS_BOOK/COLLAGE/COLORING_BOOK_I/COLORING_BOOK_II/CUBISM/DARK_AURA/DOODLE/DOUBLE_EXPOSURE/DRAMATIC_CINEMA/EDITORIAL/EMOTIONAL_MINIMAL/ETHEREAL_PARTY/EXPIRED_FILM/FLAT_ART/FLAT_VECTOR/FOREST_REVERIE/GEO_MINIMALIST/GLASS_PRISM/GOLDEN_HOUR/GRAFFITI_I/GRAFFITI_II/HALFTONE_PRINT/HIGH_CONTRAST/HIPPIE_ERA/ICONIC/JAPANDI_FUSION/JAZZY/LONG_EXPOSURE/MAGAZINE_EDITORIAL/MINIMAL_ILLUSTRATION/MIXED_MEDIA/MONOCHROME/NIGHTLIFE/OIL_PAINTING/OLD_CARTOONS/PAINT_GESTURE/POP_ART/RETRO_ETCHING/RIVIERA_POP/SPOTLIGHT_80S/STYLIZED_RED/SURREAL_COLLAGE/TRAVEL_POSTER/VINTAGE_GEO/VINTAGE_POSTER/WATERCOLOR/WEIRD/WOODBLOCK_PRINT)),
ideogram/v4,ideogram-v4,Ideogram / Ideogram v4,ideogram,text-to-image,ideogram/v4/image-to-image,1~4 张（字段 num_images）,1:1、3:4、9:16、4:3、16:9；默认 1:1,1:1=1024x1024；3:4=768x1024；9:16=720x1280；4:3=1024x768；16:9=1280x720,,字段 image_size,字段 output_format；jpeg、png；默认 jpeg,,expansion_model：None/Medium/Large（默认 Medium）；rendering_speed：TURBO/BALANCED/QUALITY（默认 BALANCED）；acceleration：none/low/regular/high（默认 none）,enable_safety_checker（默认 false）；sync_mode,seed,,,,prompt,,enable_safety_checker 本地默认 false（官方 true）
ideogram/v4/image-to-image,ideogram-v4-image-to-image,Ideogram / V4 Edit,ideogram,image-to-image,ideogram/v4,1~4 张（字段 num_images）,1:1、3:4、9:16、4:3、16:9、auto；默认 auto,1:1=1024x1024；3:4=768x1024；9:16=720x1280；4:3=1024x768；16:9=1280x720；auto=auto,,字段 image_size,字段 output_format；jpeg、png；默认 jpeg,字段 image_url（最多 1 张）,expansion_model：None/Medium/Large（默认 Medium）；rendering_speed：TURBO/BALANCED/QUALITY（默认 BALANCED）；acceleration：none/low/regular/high（默认 none）,enable_safety_checker（默认 false）；sync_mode,seed,strength（0~1）,,,prompt、image_url,,enable_safety_checker 本地默认 false（官方 true）
ideogram/v4/fast,ideogram-v4-fast,Ideogram / V4 Fast,ideogram,text-to-image,,1~4 张（字段 num_images）,1:1、3:4、9:16、4:3、16:9；默认 1:1,1:1=1024x1024；3:4=768x1024；9:16=720x1280；4:3=1024x768；16:9=1280x720,,字段 image_size,字段 output_format；jpeg、png；默认 jpeg,,expansion_model：None/Medium（默认 Medium）；rendering_speed：TURBO/BALANCED/QUALITY（默认 BALANCED）,enable_safety_checker（默认 false）；sync_mode,seed,,,,prompt,,enable_safety_checker 本地默认 false（官方 true）
ideogram/v4/instant,ideogram-v4-instant,Ideogram / V4 Instant,ideogram,text-to-image,,1~4 张（字段 num_images）,1:1、3:4、9:16、4:3、16:9；默认 1:1,1:1=1024x1024；3:4=768x1024；9:16=720x1280；4:3=1024x768；16:9=1280x720,,字段 image_size,字段 output_format；jpeg、png；默认 jpeg,,expansion_model：None/Medium（默认 Medium）,enable_safety_checker（默认 false）；sync_mode,seed,,,,prompt,,enable_safety_checker 本地默认 false（官方 true）
fal-ai/kling-image/o3/text-to-image,kling-image-o3-text-to-image,Kling / O3,kling,text-to-image,fal-ai/kling-image/o3/image-to-image,1~9 张（字段 num_images）,字段 aspect_ratio；16:9、9:16、1:1、4:3、3:4、3:2、2:3、21:9；默认 16:9,,字段 resolution；1K、2K、4K；默认 1K,,字段 output_format；jpeg、png、webp；默认 png,,result_type：single/series（默认 single）,sync_mode,series_amount（2~9）,,,,prompt,elements(array|null),
fal-ai/kling-image/o3/image-to-image,kling-image-o3-image-to-image,Kling / O3 Edit,kling,image-to-image,fal-ai/kling-image/o3/text-to-image,1~9 张（字段 num_images）,字段 aspect_ratio；16:9、9:16、1:1、4:3、3:4、3:2、2:3、21:9、auto；默认 auto,,字段 resolution；1K、2K、4K；默认 1K,,字段 output_format；jpeg、png、webp；默认 png,字段 image_urls（最多 10 张）,result_type：single/series（默认 single）,sync_mode,series_amount（2~9）,,,,prompt、image_urls,elements(array|null),
fal-ai/kling-image/v3/text-to-image,kling-image-v3-text-to-image,Kling / V3,kling,text-to-image,fal-ai/kling-image/v3/image-to-image,1~9 张（字段 num_images）,字段 aspect_ratio；16:9、9:16、1:1、4:3、3:4、3:2、2:3、21:9；默认 16:9,,字段 resolution；1K、2K；默认 1K,,字段 output_format；jpeg、png、webp；默认 png,,,sync_mode,,,negative_prompt,,prompt,elements(array|null),
fal-ai/kling-image/v3/image-to-image,kling-image-v3-image-to-image,Kling / V3 Edit,kling,image-to-image,fal-ai/kling-image/v3/text-to-image,1~9 张（字段 num_images）,字段 aspect_ratio；16:9、9:16、1:1、4:3、3:4、3:2、2:3、21:9；默认 16:9,,字段 resolution；1K、2K；默认 1K,,字段 output_format；jpeg、png、webp；默认 png,字段 image_url（最多 1 张）,,sync_mode,,,,,prompt、image_url,elements(array|null),
fal-ai/kolors,kolors,Kling / Kolors,kling,text-to-image,fal-ai/kolors/image-to-image,1~8 张（字段 num_images）,1:1、3:4、9:16、4:3、16:9；默认 1:1,1:1=1024x1024；3:4=768x1024；9:16=720x1280；4:3=1024x768；16:9=1280x720,,字段 image_size,字段 output_format；jpeg、png；默认 png,,scheduler：EulerDiscreteScheduler/EulerAncestralDiscreteScheduler/DPMSolverMultistepScheduler/DPMSolverMultistepScheduler_SDE_karras/UniPCMultistepScheduler/DEISMultistepScheduler（默认 EulerDiscreteScheduler）,enable_safety_checker（默认 false）；sync_mode（默认 false）,seed；num_inference_steps（1~150）,guidance_scale（1~10）,negative_prompt,,prompt,,enable_safety_checker 本地默认 false（官方 true）
fal-ai/kolors/image-to-image,kolors-image-to-image,Kling / Kolors Edit,kling,image-to-image,fal-ai/kolors,1~8 张（字段 num_images）,1:1、3:4、9:16、4:3、16:9；默认 1:1,1:1=1024x1024；3:4=768x1024；9:16=720x1280；4:3=1024x768；16:9=1280x720,,字段 image_size,字段 output_format；jpeg、png；默认 png,字段 image_url（最多 1 张）,scheduler：EulerDiscreteScheduler/EulerAncestralDiscreteScheduler/DPMSolverMultistepScheduler/DPMSolverMultistepScheduler_SDE_karras/UniPCMultistepScheduler/DEISMultistepScheduler（默认 EulerDiscreteScheduler）,enable_safety_checker（默认 false）；sync_mode（默认 false）,seed；num_inference_steps（1~150）,guidance_scale（1~10）；strength（0.01~1）,negative_prompt,,prompt、image_url,,enable_safety_checker 本地默认 false（官方 true）
fal-ai/krea-2/turbo,krea-2-turbo,Krea / Krea 2 Turbo,krea,text-to-image,,1~4 张（字段 num_images）,1:1、4:3、16:9、3:4、9:16；默认 1:1,1:1=1024x1024；4:3=1024x768；16:9=1280x720；3:4=768x1024；9:16=720x1280,,字段 image_size,字段 output_format；jpeg、png；默认 png,,acceleration：none/regular（默认 none）,enable_prompt_expansion（默认 true）；sync_mode；enable_safety_checker（默认 false）,seed,,,,prompt,,enable_prompt_expansion 本地默认 true（官方 false）；enable_safety_checker 本地默认 false（官方 true）
krea/v2/large/text-to-image,krea-v2-large,Krea / Krea V2 Large,krea,text-to-image,,1 张（不下发数量字段）,字段 aspect_ratio；1:1、4:3、3:2、16:9、2.35:1、4:5、2:3、9:16；默认 1:1,,,,,,creativity：raw/low/medium/high（默认 medium）,,seed,,,,prompt,image_style_references(array(默认[]))；moodboards(array(默认[]))；styles(array(默认[])),
krea/v2/medium/text-to-image,krea-v2-medium,Krea / Krea V2 Medium,krea,text-to-image,,1 张（不下发数量字段）,字段 aspect_ratio；1:1、4:3、3:2、16:9、2.35:1、4:5、2:3、9:16；默认 1:1,,,,,,creativity：raw/low/medium/high（默认 medium）,,seed,,,,prompt,image_style_references(array(默认[]))；moodboards(array(默认[]))；styles(array(默认[])),
krea/v2/medium/turbo/text-to-image,krea-v2-medium-turbo,Krea / Krea V2 Medium Turbo,krea,text-to-image,,1 张（不下发数量字段）,字段 aspect_ratio；1:1、4:3、3:2、16:9、2.35:1、4:5、2:3、9:16；默认 1:1,,,,,,creativity：raw/low/medium/high（默认 medium）,,seed,,,,prompt,image_style_references(array(默认[]))；moodboards(array(默认[]))；styles(array(默认[])),
luma/agent/uni-1/v1/edit,luma-agent-uni-1-v1-edit,Luma AI / V1 Edit,luma,image-to-image,luma/agent/uni-1/v1/text-to-image,1 张（不下发数量字段）,,,,,字段 output_format；png、jpeg；默认 png,字段 image_url（最多 1 张）,style：auto/manga（默认 auto）,,,,,,prompt、image_url,reference_image_urls(array|null),
luma/agent/uni-1/v1/max,luma-agent-uni-1-v1-max,Luma AI / V1 Max,luma,text-to-image,luma/agent/uni-1/v1/max/edit,1 张（不下发数量字段）,字段 aspect_ratio；3:1、2:1、16:9、3:2、1:1、2:3、9:16、1:2、1:3；默认 16:9,,,,字段 output_format；png、jpeg；默认 png,,style：auto/manga（默认 auto）,enable_web_search,,,,,prompt,reference_image_urls(array|null),
luma/agent/uni-1/v1/max/edit,luma-agent-uni-1-v1-max-edit,Luma AI / V1 Max Edit,luma,image-to-image,luma/agent/uni-1/v1/max,1 张（不下发数量字段）,,,,,字段 output_format；png、jpeg；默认 png,字段 image_url（最多 1 张）,style：auto/manga（默认 auto）,,,,,,prompt、image_url,reference_image_urls(array|null),
luma/agent/uni-1/v1/text-to-image,luma-agent-uni-1-v1-text-to-image,Luma AI / V1,luma,text-to-image,luma/agent/uni-1/v1/edit,1 张（不下发数量字段）,字段 aspect_ratio；3:1、2:1、16:9、3:2、1:1、2:3、9:16、1:2、1:3；默认 16:9,,,,字段 output_format；png、jpeg；默认 png,,style：auto/manga（默认 auto）,enable_web_search,,,,,prompt,reference_image_urls(array|null),
fal-ai/luma-photon,luma-photon,Luma AI / Luma Photon,luma,text-to-image,fal-ai/luma-photon/modify,1 张（不下发数量字段）,字段 aspect_ratio；16:9、9:16、1:1、4:3、3:4、21:9、9:21；默认 1:1,,,,,,,,,,,,prompt,,
fal-ai/luma-photon/modify,luma-photon-modify,Luma AI / Luma Photon Edit,luma,image-to-image,fal-ai/luma-photon,1 张（不下发数量字段）,字段 aspect_ratio；1:1、16:9、9:16、4:3、3:4、21:9、9:21；默认 1:1,,,,,字段 image_url（最多 1 张）,,,,strength（0~1）,,,image_url、strength、aspect_ratio,,
fal-ai/luma-photon/flash,luma-photon-flash,Luma AI / Luma Photon Flash,luma,text-to-image,fal-ai/luma-photon/flash/modify,1 张（不下发数量字段）,字段 aspect_ratio；16:9、9:16、1:1、4:3、3:4、21:9、9:21；默认 1:1,,,,,,,,,,,,prompt,,
fal-ai/luma-photon/flash/modify,luma-photon-flash-modify,Luma AI / Luma Photon Flash Edit,luma,image-to-image,fal-ai/luma-photon/flash,1 张（不下发数量字段）,字段 aspect_ratio；1:1、16:9、9:16、4:3、3:4、21:9、9:21；默认 1:1,,,,,字段 image_url（最多 1 张）,,,,strength（0~1）,,,image_url、strength、aspect_ratio,,
fal-ai/longcat-image,longcat-image,Meituan / Longcat Image,meituan,text-to-image,fal-ai/longcat-image/edit,1~4 张（字段 num_images）,1:1、3:4、9:16、4:3、16:9；默认 4:3,1:1=1024x1024；3:4=768x1024；9:16=720x1280；4:3=1024x768；16:9=1280x720,,字段 image_size,字段 output_format；jpeg、png、webp；默认 png,,acceleration：none/regular/high（默认 regular）,enable_safety_checker（默认 false）；sync_mode（默认 false）,seed；num_inference_steps（1~50）,guidance_scale（1~20）,,,prompt,,enable_safety_checker 本地默认 false（官方 true）
fal-ai/longcat-image/edit,longcat-image-edit,Meituan / Longcat Image Edit,meituan,image-to-image,fal-ai/longcat-image,1~4 张（字段 num_images）,,,,,字段 output_format；jpeg、png、webp；默认 png,字段 image_url（最多 1 张）,acceleration：none/regular/high（默认 regular）,enable_safety_checker（默认 false）；sync_mode（默认 false）,seed；num_inference_steps（1~50）,guidance_scale（1~20）,,,prompt、image_url,,enable_safety_checker 本地默认 false（官方 true）
microsoft/mai-image-2.5,microsoft-mai-image-2.5,Microsoft / Mai Image 2.5,microsoft,text-to-image,microsoft/mai-image-2.5/edit,1~4 张（字段 num_images）,字段 aspect_ratio；auto、1:1、4:3、3:4、16:9、9:16、3:2、2:3；默认 auto,,,,字段 output_format；jpeg、png、webp；默认 png,,,sync_mode（默认 false）,,,,,prompt,,
microsoft/mai-image-2.5/edit,microsoft-mai-image-2.5-edit,Microsoft / Mai Image 2.5 Edit,microsoft,image-to-image,microsoft/mai-image-2.5,1~4 张（字段 num_images）,字段 aspect_ratio；auto、1:1、4:3、3:4、16:9、9:16、3:2、2:3；默认 auto,,,,字段 output_format；jpeg、png、webp；默认 png,字段 image_urls（最多 1 张）,,sync_mode（默认 false）,,,,,prompt、image_urls,,
fal-ai/minimax/image-01,minimax-image-01,Minimax / Image 01,minimax,text-to-image,,1~9 张（字段 num_images）,字段 aspect_ratio；1:1、16:9、4:3、3:2、2:3、3:4、9:16、21:9；默认 1:1,,,,,,,prompt_optimizer（默认 false）,,,,,prompt,,
fal-ai/sana,sana,NVIDIA / Sana,nvidia,text-to-image,,1~4 张（字段 num_images）,,,,字段 image_size；宽 256~4096，高 256~4096，≤16.7772MP,字段 output_format；jpeg、png；默认 jpeg,,style_name：(No style)/Cinematic/Photographic/Anime/Manga/Digital Art/Pixel art/Fantasy art/Neonpunk/3D Model（默认 (No style)）,enable_safety_checker（默认 false）；sync_mode（默认 false）,seed；num_inference_steps（1~50）,guidance_scale（0~20）,negative_prompt,,prompt,,enable_safety_checker 本地默认 false（官方 true）
fal-ai/sana/sprint,sana-sprint,NVIDIA / Sana Sprint,nvidia,text-to-image,,1~4 张（字段 num_images）,,,,字段 image_size；宽 256~4096，高 256~4096，≤16.7772MP,字段 output_format；jpeg、png；默认 jpeg,,style_name：(No style)/Cinematic/Photographic/Anime/Manga/Digital Art/Pixel art/Fantasy art/Neonpunk/3D Model（默认 (No style)）,enable_safety_checker（默认 false）；sync_mode（默认 false）,seed；num_inference_steps（1~20）,guidance_scale（0~20）,negative_prompt,,prompt,,enable_safety_checker 本地默认 false（官方 true）
fal-ai/sana/v1.5/1.6b,sana-v1.5-1.6b,NVIDIA / Sana V1.5 1.6B,nvidia,text-to-image,,1~4 张（字段 num_images）,,,,字段 image_size；宽 256~4096，高 256~4096，≤16.7772MP,字段 output_format；jpeg、png；默认 jpeg,,style_name：(No style)/Cinematic/Photographic/Anime/Manga/Digital Art/Pixel art/Fantasy art/Neonpunk/3D Model（默认 (No style)）,enable_safety_checker（默认 false）；sync_mode（默认 false）,seed；num_inference_steps（1~50）,guidance_scale（0~20）,negative_prompt,,prompt,,enable_safety_checker 本地默认 false（官方 true）
fal-ai/sana/v1.5/4.8b,sana-v1.5-4.8b,NVIDIA / Sana V1.5 4.8B,nvidia,text-to-image,,1~4 张（字段 num_images）,,,,字段 image_size；宽 256~4096，高 256~4096，≤16.7772MP,字段 output_format；jpeg、png；默认 jpeg,,style_name：(No style)/Cinematic/Photographic/Anime/Manga/Digital Art/Pixel art/Fantasy art/Neonpunk/3D Model（默认 (No style)）,enable_safety_checker（默认 false）；sync_mode（默认 false）,seed；num_inference_steps（1~50）,guidance_scale（0~20）,negative_prompt,,prompt,,enable_safety_checker 本地默认 false（官方 true）
nvidia/cosmos-3-super/text-to-image,nvidia-cosmos-3-super-text-to-image,NVIDIA / Cosmos 3 Super,nvidia,text-to-image,,1~4 张（字段 num_images）,1:1、3:4、9:16、4:3、16:9；默认 1:1,1:1=1024x1024；3:4=768x1024；9:16=720x1280；4:3=1024x768；16:9=1280x720,,字段 image_size,字段 output_format；jpeg、png；默认 jpeg,,,enable_prompt_expansion（默认 false）；enable_agentic_generation（默认 false）；agentic_early_stop（默认 true）；enable_safety_checker（默认 false）；sync_mode（默认 false）,seed；num_inference_steps（1~50）；agentic_max_iterations（1~3）；agentic_samples_per_iteration（1~3）,guidance_scale（0~20）,negative_prompt,,prompt,,enable_safety_checker 本地默认 false（官方 true）
openai/gpt-image-2,gpt-image-2,OpenAI / GPT Image 2,openai,text-to-image,openai/gpt-image-2/edit,1~4 张（字段 num_images）,1:1、16:9、9:16、4:3、3:4、3:2、2:3；默认 4:3,1:1=1024x1024；16:9=1536x864；9:16=864x1536；4:3=1024x768；3:4=768x1024；3:2=1536x1024；2:3=1024x1536,,字段 image_size；宽 ~3840，高 ~3840，步长 16，≤8.2944MP,字段 output_format；jpeg、png、webp；默认 png,,quality：low/medium/high（默认 low）,sync_mode,,,,,prompt,,quality 本地默认 low（官方 high）；quality 未开放选项 auto（定价裁剪）
openai/gpt-image-2/edit,gpt-image-2/edit,OpenAI / GPT Image 2 Edit,openai,image-to-image,openai/gpt-image-2,1~4 张（字段 num_images）,auto、1:1、16:9、9:16、4:3、3:4、3:2、2:3；默认 auto,auto=auto；1:1=1024x1024；16:9=1536x864；9:16=864x1536；4:3=1024x768；3:4=768x1024；3:2=1536x1024；2:3=1024x1536,,字段 image_size；宽 ~3840，高 ~3840，步长 16，≤8.2944MP,字段 output_format；jpeg、png、webp；默认 png,字段 image_urls（最多 16 张）,quality：low/medium/high（默认 low）,sync_mode,,,mask_url,,prompt、image_urls,,quality 本地默认 low（官方 high）；quality 未开放选项 auto（定价裁剪）
fal-ai/gpt-image-1.5,gpt-image-1.5,OpenAI / GPT Image 1.5,openai,text-to-image,fal-ai/gpt-image-1.5/edit,1~4 张（字段 num_images）,1:1、3:2、2:3；默认 1:1,1:1=1024x1024；3:2=1536x1024；2:3=1024x1536,,,字段 output_format；jpeg、png、webp；默认 png,,quality：low/medium/high（默认 low）；background：auto/transparent/opaque（默认 auto）,sync_mode,,,,,prompt,,quality 本地默认 low（官方 high）
fal-ai/gpt-image-1.5/edit,gpt-image-1.5/edit,OpenAI / GPT Image 1.5 Edit,openai,image-to-image,fal-ai/gpt-image-1.5,1~4 张（字段 num_images）,1:1、3:2、2:3；默认 1:1,1:1=1024x1024；3:2=1536x1024；2:3=1024x1536,,,字段 output_format；jpeg、png、webp；默认 png,字段 image_urls,quality：low/medium/high（默认 low）；background：auto/transparent/opaque（默认 auto）；input_fidelity：low/high,sync_mode,,,mask_image_url,,prompt、image_urls,,quality 本地默认 low（官方 high）
fal-ai/gpt-image-1/text-to-image,gpt-image-1,OpenAI / GPT Image 1,openai,text-to-image,fal-ai/gpt-image-1/edit-image,1~4 张（字段 num_images）,1:1、3:2、2:3；默认 1:1,1:1=1024x1024；3:2=1536x1024；2:3=1024x1536,,,字段 output_format；jpeg、png、webp；默认 png,,quality：low/medium/high（默认 low）；background：auto/transparent/opaque（默认 auto）,sync_mode,,,,,prompt,,quality 本地默认 low（官方 auto）；quality 未开放选项 auto（定价裁剪）
fal-ai/gpt-image-1/edit-image,gpt-image-1/edit-image,OpenAI / GPT Image 1 Edit,openai,image-to-image,fal-ai/gpt-image-1/text-to-image,1~4 张（字段 num_images）,1:1、3:2、2:3；默认 1:1,1:1=1024x1024；3:2=1536x1024；2:3=1024x1536,,,字段 output_format；jpeg、png、webp；默认 png,字段 image_urls,quality：low/medium/high（默认 low）；background：auto/transparent/opaque（默认 auto）；input_fidelity：low/high,sync_mode,,,,,prompt、image_urls,,quality 本地默认 low（官方 auto）；quality 未开放选项 auto（定价裁剪）
fal-ai/gpt-image-1-mini,gpt-image-1-mini,OpenAI / GPT Image 1 Mini,openai,text-to-image,fal-ai/gpt-image-1-mini/edit,1~4 张（字段 num_images）,1:1、3:2、2:3；默认 1:1,1:1=1024x1024；3:2=1536x1024；2:3=1024x1536,,,字段 output_format；jpeg、png、webp；默认 png,,quality：low/medium/high（默认 low）；background：auto/transparent/opaque（默认 auto）,sync_mode,,,,,prompt,,quality 本地默认 low（官方 auto）；quality 未开放选项 auto（定价裁剪）
fal-ai/gpt-image-1-mini/edit,gpt-image-1-mini/edit,OpenAI / GPT Image 1 Mini Edit,openai,image-to-image,fal-ai/gpt-image-1-mini,1~4 张（字段 num_images）,1:1、3:2、2:3；默认 1:1,1:1=1024x1024；3:2=1536x1024；2:3=1024x1536,,,字段 output_format；jpeg、png、webp；默认 png,字段 image_urls,quality：low/medium/high（默认 low）；background：auto/transparent/opaque（默认 auto）,sync_mode,,,,,prompt、image_urls,,quality 本地默认 low（官方 auto）；quality 未开放选项 auto（定价裁剪）
fal-ai/patina/material,patina-material,Patina / Material,patina,text-to-image,fal-ai/patina,1~4 张（字段 num_images）,1:1、3:4、9:16、4:3、16:9；默认 1:1,1:1=1024x1024；3:4=768x1024；9:16=720x1280；4:3=1024x768；16:9=1280x720,,字段 image_size,字段 output_format；jpeg、png、webp；默认 png,,tiling_mode：both/horizontal/vertical（默认 both）,enable_prompt_expansion（默认 true）；enable_safety_checker（默认 false）,seed；num_inference_steps（1~8）；tile_size（32~256）；tile_stride（16~128）,strength（0~1）,,,prompt,"image_url(null|string)；maps(array(默认['basecolor', 'normal', 'roughness', 'metalness', 'height']))；mask_url(null|string)；upscale_factor(integer(0/2/4，默认0))",enable_safety_checker 本地默认 false（官方 true）
fal-ai/patina,patina-edit,Patina / Edit,patina,image-to-image,fal-ai/patina/material,1 张（不下发数量字段）,,,,,字段 output_format；jpeg、png、webp；默认 png,字段 image_url（最多 1 张）,,sync_mode（默认 false）；enable_safety_checker（默认 false）,seed,,,,image_url,"maps(array(默认['basecolor', 'normal', 'roughness', 'metalness', 'height']))",enable_safety_checker 本地默认 false（官方 true）
fal-ai/phota,phota,Phota / Phota,phota,text-to-image,fal-ai/phota/edit,1~4 张（字段 num_images）,字段 aspect_ratio；auto、1:1、16:9、4:3、3:4、9:16；默认 auto,,字段 resolution；1K、4K；默认 1K,,字段 output_format；jpeg、png；默认 jpeg,,,sync_mode（默认 false）,,,,,prompt,,
fal-ai/phota/edit,phota-edit,Phota / Edit,phota,image-to-image,fal-ai/phota,1~4 张（字段 num_images）,字段 aspect_ratio；auto、1:1、16:9、4:3、3:4、9:16；默认 auto,,字段 resolution；1K、4K；默认 1K,,字段 output_format；jpeg、png；默认 jpeg,字段 image_urls（最多 4 张）,,sync_mode（默认 false）,,,,,prompt、image_urls,profile_ids(array),
fal-ai/recraft/v2/text-to-image,recraft-v2-text-to-image,Recraft / V2,recraft,text-to-image,,1 张（不下发数量字段）,1:1、3:4、9:16、4:3、16:9；默认 1:1,1:1=1024x1024；3:4=768x1024；9:16=720x1280；4:3=1024x768；16:9=1280x720,,字段 image_size,,,style：any/realistic_image/digital_illustration/vector_illustration/realistic_image/b_and_w/realistic_image/enterprise/realistic_image/hard_flash/realistic_image/hdr/realistic_image/motion_blur/realistic_image/natural_light/realistic_image/studio_portrait/digital_illustration/2d_art_poster/digital_illustration/2d_art_poster_2/digital_illustration/3d/digital_illustration/80s/digital_illustration/engraving_color/digital_illustration/glow/digital_illustration/grain/digital_illustration/hand_drawn/digital_illustration/hand_drawn_outline/digital_illustration/handmade_3d/digital_illustration/infantile_sketch/digital_illustration/kawaii/digital_illustration/pixel_art/digital_illustration/psychedelic/digital_illustration/seamless/digital_illustration/voxel/digital_illustration/watercolor/vector_illustration/cartoon/vector_illustration/doodle_line_art/vector_illustration/engraving/vector_illustration/flat_2/vector_illustration/kawaii/vector_illustration/line_art/vector_illustration/line_circuit/vector_illustration/linocut/vector_illustration/seamless（默认 realistic_image）,enable_safety_checker（默认 false）,,,,,prompt,colors(array(默认[]))；style_id(null|string),
fal-ai/recraft/v3/text-to-image,recraft-v3-text-to-image,Recraft / V3,recraft,text-to-image,fal-ai/recraft/v3/image-to-image,1 张（不下发数量字段）,1:1、3:4、9:16、4:3、16:9；默认 1:1,1:1=1024x1024；3:4=768x1024；9:16=720x1280；4:3=1024x768；16:9=1280x720,,字段 image_size,,,style：any/realistic_image/digital_illustration/vector_illustration/realistic_image/b_and_w/realistic_image/hard_flash/realistic_image/hdr/realistic_image/natural_light/realistic_image/studio_portrait/realistic_image/enterprise/realistic_image/motion_blur/realistic_image/evening_light/realistic_image/faded_nostalgia/realistic_image/forest_life/realistic_image/mystic_naturalism/realistic_image/natural_tones/realistic_image/organic_calm/realistic_image/real_life_glow/realistic_image/retro_realism/realistic_image/retro_snapshot/realistic_image/urban_drama/realistic_image/village_realism/realistic_image/warm_folk/digital_illustration/pixel_art/digital_illustration/hand_drawn/digital_illustration/grain/digital_illustration/infantile_sketch/digital_illustration/2d_art_poster/digital_illustration/handmade_3d/digital_illustration/hand_drawn_outline/digital_illustration/engraving_color/digital_illustration/2d_art_poster_2/digital_illustration/antiquarian/digital_illustration/bold_fantasy/digital_illustration/child_book/digital_illustration/child_books/digital_illustration/cover/digital_illustration/crosshatch/digital_illustration/digital_engraving/digital_illustration/expressionism/digital_illustration/freehand_details/digital_illustration/grain_20/digital_illustration/graphic_intensity/digital_illustration/hard_comics/digital_illustration/long_shadow/digital_illustration/modern_folk/digital_illustration/multicolor/digital_illustration/neon_calm/digital_illustration/noir/digital_illustration/nostalgic_pastel/digital_illustration/outline_details/digital_illustration/pastel_gradient/digital_illustration/pastel_sketch/digital_illustration/pop_art/digital_illustration/pop_renaissance/digital_illustration/street_art/digital_illustration/tablet_sketch/digital_illustration/urban_glow/digital_illustration/urban_sketching/digital_illustration/vanilla_dreams/digital_illustration/young_adult_book/digital_illustration/young_adult_book_2/vector_illustration/bold_stroke/vector_illustration/chemistry/vector_illustration/colored_stencil/vector_illustration/contour_pop_art/vector_illustration/cosmics/vector_illustration/cutout/vector_illustration/depressive/vector_illustration/editorial/vector_illustration/emotional_flat/vector_illustration/infographical/vector_illustration/marker_outline/vector_illustration/mosaic/vector_illustration/naivector/vector_illustration/roundish_flat/vector_illustration/segmented_colors/vector_illustration/sharp_contrast/vector_illustration/thin/vector_illustration/vector_photo/vector_illustration/vivid_shapes/vector_illustration/engraving/vector_illustration/line_art/vector_illustration/line_circuit/vector_illustration/linocut（默认 realistic_image）,enable_safety_checker（默认 false）,,,,,prompt,colors(array(默认[]))；style_id(null|string),
fal-ai/recraft/v3/image-to-image,recraft-v3-image-to-image,Recraft / V3 Edit,recraft,image-to-image,fal-ai/recraft/v3/text-to-image,1 张（不下发数量字段）,,,,,,字段 image_url（最多 1 张）,style：any/realistic_image/digital_illustration/vector_illustration/realistic_image/b_and_w/realistic_image/hard_flash/realistic_image/hdr/realistic_image/natural_light/realistic_image/studio_portrait/realistic_image/enterprise/realistic_image/motion_blur/realistic_image/evening_light/realistic_image/faded_nostalgia/realistic_image/forest_life/realistic_image/mystic_naturalism/realistic_image/natural_tones/realistic_image/organic_calm/realistic_image/real_life_glow/realistic_image/retro_realism/realistic_image/retro_snapshot/realistic_image/urban_drama/realistic_image/village_realism/realistic_image/warm_folk/digital_illustration/pixel_art/digital_illustration/hand_drawn/digital_illustration/grain/digital_illustration/infantile_sketch/digital_illustration/2d_art_poster/digital_illustration/handmade_3d/digital_illustration/hand_drawn_outline/digital_illustration/engraving_color/digital_illustration/2d_art_poster_2/digital_illustration/antiquarian/digital_illustration/bold_fantasy/digital_illustration/child_book/digital_illustration/child_books/digital_illustration/cover/digital_illustration/crosshatch/digital_illustration/digital_engraving/digital_illustration/expressionism/digital_illustration/freehand_details/digital_illustration/grain_20/digital_illustration/graphic_intensity/digital_illustration/hard_comics/digital_illustration/long_shadow/digital_illustration/modern_folk/digital_illustration/multicolor/digital_illustration/neon_calm/digital_illustration/noir/digital_illustration/nostalgic_pastel/digital_illustration/outline_details/digital_illustration/pastel_gradient/digital_illustration/pastel_sketch/digital_illustration/pop_art/digital_illustration/pop_renaissance/digital_illustration/street_art/digital_illustration/tablet_sketch/digital_illustration/urban_glow/digital_illustration/urban_sketching/digital_illustration/vanilla_dreams/digital_illustration/young_adult_book/digital_illustration/young_adult_book_2/vector_illustration/bold_stroke/vector_illustration/chemistry/vector_illustration/colored_stencil/vector_illustration/contour_pop_art/vector_illustration/cosmics/vector_illustration/cutout/vector_illustration/depressive/vector_illustration/editorial/vector_illustration/emotional_flat/vector_illustration/infographical/vector_illustration/marker_outline/vector_illustration/mosaic/vector_illustration/naivector/vector_illustration/roundish_flat/vector_illustration/segmented_colors/vector_illustration/sharp_contrast/vector_illustration/thin/vector_illustration/vector_photo/vector_illustration/vivid_shapes/vector_illustration/engraving/vector_illustration/line_art/vector_illustration/line_circuit/vector_illustration/linocut（默认 realistic_image）,sync_mode（默认 false）,,strength（0~1）,negative_prompt,,prompt、image_url,colors(array(默认[]))；style_id(null|string),
fal-ai/recraft/v4/pro/text-to-image,recraft-v4-pro-text-to-image,Recraft / V4 Pro,recraft,text-to-image,,1 张（不下发数量字段）,1:1、3:4、9:16、4:3、16:9；默认 1:1,1:1=1024x1024；3:4=768x1024；9:16=720x1280；4:3=1024x768；16:9=1280x720,,字段 image_size,,,,enable_safety_checker（默认 false）,,,,,prompt,background_color(null|object)；colors(array(默认[])),enable_safety_checker 本地默认 false（官方 true）
fal-ai/recraft/v4/text-to-image,recraft-v4-text-to-image,Recraft / V4,recraft,text-to-image,,1 张（不下发数量字段）,1:1、3:4、9:16、4:3、16:9；默认 1:1,1:1=1024x1024；3:4=768x1024；9:16=720x1280；4:3=1024x768；16:9=1280x720,,字段 image_size,,,,enable_safety_checker（默认 false）,,,,,prompt,background_color(null|object)；colors(array(默认[])),enable_safety_checker 本地默认 false（官方 true）
fal-ai/recraft/v4.1/pro/text-to-image,recraft-v4.1-pro-text-to-image,Recraft / V4.1 Pro,recraft,text-to-image,,1 张（不下发数量字段）,1:1、3:4、9:16、4:3、16:9；默认 1:1,1:1=1024x1024；3:4=768x1024；9:16=720x1280；4:3=1024x768；16:9=1280x720,,字段 image_size,,,,enable_safety_checker（默认 false）,,,,,prompt,background_color(null|object)；colors(array(默认[])),enable_safety_checker 本地默认 false（官方 true）
fal-ai/recraft/v4.1/text-to-image,recraft-v4.1-text-to-image,Recraft / V4.1,recraft,text-to-image,,1 张（不下发数量字段）,1:1、3:4、9:16、4:3、16:9；默认 1:1,1:1=1024x1024；3:4=768x1024；9:16=720x1280；4:3=1024x768；16:9=1280x720,,字段 image_size,,,,enable_safety_checker（默认 false）,,,,,prompt,background_color(null|object)；colors(array(默认[])),enable_safety_checker 本地默认 false（官方 true）
fal-ai/recraft/v4.1/utility/pro/text-to-image,recraft-v4.1-utility-pro-text-to-image,Recraft / V4.1 Utility Pro,recraft,text-to-image,,1 张（不下发数量字段）,1:1、3:4、9:16、4:3、16:9；默认 1:1,1:1=1024x1024；3:4=768x1024；9:16=720x1280；4:3=1024x768；16:9=1280x720,,字段 image_size,,,,enable_safety_checker（默认 false）,,,,,prompt,background_color(null|object)；colors(array(默认[])),enable_safety_checker 本地默认 false（官方 true）
fal-ai/recraft/v4.1/utility/text-to-image,recraft-v4.1-utility-text-to-image,Recraft / V4.1 Utility,recraft,text-to-image,,1 张（不下发数量字段）,1:1、3:4、9:16、4:3、16:9；默认 1:1,1:1=1024x1024；3:4=768x1024；9:16=720x1280；4:3=1024x768；16:9=1280x720,,字段 image_size,,,,enable_safety_checker（默认 false）,,,,,prompt,background_color(null|object)；colors(array(默认[])),enable_safety_checker 本地默认 false（官方 true）
fal-ai/recraft/v4/pro/text-to-vector,recraft-v4-pro-text-to-vector,Recraft / V4 Pro Text to Vector,recraft,text-to-image,,1 张（不下发数量字段）,1:1、3:4、9:16、4:3、16:9；默认 1:1,1:1=1024x1024；3:4=768x1024；9:16=720x1280；4:3=1024x768；16:9=1280x720,,字段 image_size,,,,enable_safety_checker（默认 false）,,,,,prompt,background_color(null|object)；colors(array(默认[])),enable_safety_checker 本地默认 false（官方 true）
fal-ai/recraft/v4/text-to-vector,recraft-v4-text-to-vector,Recraft / V4 Text to Vector,recraft,text-to-image,,1 张（不下发数量字段）,1:1、3:4、9:16、4:3、16:9；默认 1:1,1:1=1024x1024；3:4=768x1024；9:16=720x1280；4:3=1024x768；16:9=1280x720,,字段 image_size,,,,enable_safety_checker（默认 false）,,,,,prompt,background_color(null|object)；colors(array(默认[])),enable_safety_checker 本地默认 false（官方 true）
fal-ai/recraft/v4.1/pro/text-to-vector,recraft-v4.1-pro-text-to-vector,Recraft / V4.1 Pro Text to Vector,recraft,text-to-image,,1 张（不下发数量字段）,1:1、3:4、9:16、4:3、16:9；默认 1:1,1:1=1024x1024；3:4=768x1024；9:16=720x1280；4:3=1024x768；16:9=1280x720,,字段 image_size,,,,enable_safety_checker（默认 false）,,,,,prompt,background_color(null|object)；colors(array(默认[])),enable_safety_checker 本地默认 false（官方 true）
fal-ai/recraft/v4.1/text-to-vector,recraft-v4.1-text-to-vector,Recraft / V4.1 Text to Vector,recraft,text-to-image,,1 张（不下发数量字段）,1:1、3:4、9:16、4:3、16:9；默认 1:1,1:1=1024x1024；3:4=768x1024；9:16=720x1280；4:3=1024x768；16:9=1280x720,,字段 image_size,,,,enable_safety_checker（默认 false）,,,,,prompt,background_color(null|object)；colors(array(默认[])),enable_safety_checker 本地默认 false（官方 true）
reve/2.1/text-to-image,reve-2.1-text-to-image,Reve / 2.1,reve,text-to-image,reve/2.1/edit,1~4 张（字段 num_images）,字段 aspect_ratio；4:1、3:1、21:9、2:1、17:9、16:9、3:2、4:3、5:4、1:1、4:5、3:4、2:3、9:16、1:2、1:3、1:4、auto；默认 auto,,,,字段 output_format；jpeg、png、webp；默认 png,,,sync_mode（默认 false）,,,,,prompt,,
reve/2.1/edit,reve-2.1-edit,Reve / 2.1 Edit,reve,image-to-image,reve/2.1/text-to-image,1~4 张（字段 num_images）,字段 aspect_ratio；4:1、3:1、21:9、2:1、17:9、16:9、3:2、4:3、5:4、1:1、4:5、3:4、2:3、9:16、1:2、1:3、1:4、auto；默认 auto,,,,字段 output_format；png、jpeg、webp；默认 png,字段 image_url（最多 1 张）,,sync_mode（默认 false）,,,,,prompt、image_url,,
rundiffusion-fal/juggernaut-flux/base,rundiffusion-fal-juggernaut-flux-base,Rundiffusion / Juggernaut Flux Base,rundiffusion,text-to-image,rundiffusion-fal/juggernaut-flux/base/image-to-image,1~4 张（字段 num_images）,1:1、3:4、9:16、4:3、16:9；默认 4:3,1:1=1024x1024；3:4=768x1024；9:16=720x1280；4:3=1024x768；16:9=1280x720,,字段 image_size,字段 output_format；jpeg、png；默认 png,,,enable_safety_checker（默认 false）；sync_mode（默认 false）,seed；num_inference_steps（1~50）,guidance_scale（1~20）,,,prompt,,enable_safety_checker 本地默认 false（官方 true）
rundiffusion-fal/juggernaut-flux/base/image-to-image,rundiffusion-fal-juggernaut-flux-base-image-to-image,Rundiffusion / Juggernaut Flux Base Edit,rundiffusion,image-to-image,rundiffusion-fal/juggernaut-flux/base,1~4 张（字段 num_images）,,,,,字段 output_format；jpeg、png；默认 png,字段 image_url（最多 1 张）,,enable_safety_checker（默认 false）；sync_mode（默认 false）,seed；num_inference_steps（10~50）,guidance_scale（1~20）；strength（0.01~1）,,,prompt、image_url,,enable_safety_checker 本地默认 false（官方 true）
rundiffusion-fal/juggernaut-flux/lightning,rundiffusion-fal-juggernaut-flux-lightning,Rundiffusion / Juggernaut Flux Lightning,rundiffusion,text-to-image,,1~4 张（字段 num_images）,1:1、3:4、9:16、4:3、16:9；默认 4:3,1:1=1024x1024；3:4=768x1024；9:16=720x1280；4:3=1024x768；16:9=1280x720,,字段 image_size,字段 output_format；jpeg、png；默认 png,,,enable_safety_checker（默认 false）；sync_mode（默认 false）,seed；num_inference_steps（1~12）,,,,prompt,,enable_safety_checker 本地默认 false（官方 true）
rundiffusion-fal/juggernaut-flux/pro,rundiffusion-fal-juggernaut-flux-pro,Rundiffusion / Juggernaut Flux Pro,rundiffusion,text-to-image,rundiffusion-fal/juggernaut-flux/pro/image-to-image,1~4 张（字段 num_images）,1:1、3:4、9:16、4:3、16:9；默认 4:3,1:1=1024x1024；3:4=768x1024；9:16=720x1280；4:3=1024x768；16:9=1280x720,,字段 image_size,字段 output_format；jpeg、png；默认 png,,,enable_safety_checker（默认 false）；sync_mode（默认 false）,seed；num_inference_steps（1~50）,guidance_scale（1~20）,,,prompt,,enable_safety_checker 本地默认 false（官方 true）
rundiffusion-fal/juggernaut-flux/pro/image-to-image,rundiffusion-fal-juggernaut-flux-pro-image-to-image,Rundiffusion / Juggernaut Flux Pro Edit,rundiffusion,image-to-image,rundiffusion-fal/juggernaut-flux/pro,1~4 张（字段 num_images）,,,,,字段 output_format；jpeg、png；默认 png,字段 image_url（最多 1 张）,,enable_safety_checker（默认 false）；sync_mode（默认 false）,seed；num_inference_steps（10~50）,guidance_scale（1~20）；strength（0.01~1）,,,prompt、image_url,,enable_safety_checker 本地默认 false（官方 true）
fal-ai/stable-cascade,stable-cascade,Stability AI / Stable Cascade,stability,text-to-image,,1~4 张（字段 num_images）,1:1、3:4、9:16、4:3、16:9；默认 1:1,1:1=1024x1024；3:4=768x1024；9:16=720x1280；4:3=1024x768；16:9=1280x720,,字段 image_size,,,,enable_safety_checker（默认 false）；sync_mode（默认 false）,seed；first_stage_steps（4~40）；second_stage_steps（4~24）,guidance_scale（0~20）；second_stage_guidance_scale（0~20）,negative_prompt,,prompt,,enable_safety_checker 本地默认 false（官方 true）
fal-ai/stable-cascade/sote-diffusion,stable-cascade-sote-diffusion,Stability AI / Stable Cascade Sote Diffusion,stability,text-to-image,,1~4 张（字段 num_images）,,,,字段 image_size；宽 256~2048，高 256~2048，≤4.1943MP,,,,enable_safety_checker（默认 false）；sync_mode（默认 false）,seed；first_stage_steps（4~50）；second_stage_steps（4~24）,guidance_scale（0~20）；second_stage_guidance_scale（0~20）,negative_prompt,,prompt,,enable_safety_checker 本地默认 false（官方 true）
fal-ai/stable-diffusion-v15,stable-diffusion-v15,Stability AI / Stable Diffusion V1.5,stability,text-to-image,,1~8 张（字段 num_images）,1:1、3:4、9:16、4:3、16:9；默认 1:1,1:1=1024x1024；3:4=768x1024；9:16=720x1280；4:3=1024x768；16:9=1280x720,,字段 image_size,,,format：jpeg/png（默认 jpeg）；safety_checker_version：v1/v2（默认 v1）,enable_safety_checker（默认 false）；sync_mode（默认 false）,seed；num_inference_steps（1~50）,guidance_scale（0~20）,negative_prompt,,prompt,embeddings(array(默认[]))；expand_prompt(boolean(默认False))；loras(array(默认[]))；request_id(string(默认)),enable_safety_checker 本地默认 false（官方 true）
fal-ai/stable-diffusion-v3-medium,stable-diffusion-v3-medium,Stability AI / Stable Diffusion V3 Medium,stability,text-to-image,fal-ai/stable-diffusion-v3-medium/image-to-image,1~4 张（字段 num_images）,1:1、3:4、9:16、4:3、16:9；默认 1:1,1:1=1024x1024；3:4=768x1024；9:16=720x1280；4:3=1024x768；16:9=1280x720,,字段 image_size,,,,prompt_expansion（默认 true）；enable_safety_checker（默认 false）；sync_mode（默认 false）,seed；num_inference_steps（1~50）,guidance_scale（0~20）,negative_prompt,,prompt,,prompt_expansion 本地默认 true（官方 false）；enable_safety_checker 本地默认 false（官方 true）
fal-ai/stable-diffusion-v3-medium/image-to-image,stable-diffusion-v3-medium-image-to-image,Stability AI / Stable Diffusion V3 Medium Edit,stability,image-to-image,fal-ai/stable-diffusion-v3-medium,1~4 张（字段 num_images）,1:1、3:4、9:16、4:3、16:9；默认 1:1,1:1=1024x1024；3:4=768x1024；9:16=720x1280；4:3=1024x768；16:9=1280x720,,字段 image_size,,字段 image_url（最多 1 张）,,prompt_expansion（默认 true）；enable_safety_checker（默认 false）；sync_mode（默认 false）,seed；num_inference_steps（1~50）,guidance_scale（0~20）；strength（0.01~1）,negative_prompt,,prompt、image_url,,prompt_expansion 本地默认 true（官方 false）；enable_safety_checker 本地默认 false（官方 true）
fal-ai/stable-diffusion-v35-medium,stable-diffusion-v35-medium,Stability AI / Stable Diffusion V3.5 Medium,stability,text-to-image,,1~4 张（字段 num_images）,1:1、3:4、9:16、4:3、16:9；默认 4:3,1:1=1024x1024；3:4=768x1024；9:16=720x1280；4:3=1024x768；16:9=1280x720,,字段 image_size,字段 output_format；jpeg、png；默认 jpeg,,,auto_fix（默认 true）；enable_safety_checker（默认 false）；sync_mode（默认 false）,seed；num_inference_steps（1~50）,guidance_scale（0~20）,negative_prompt,,prompt,,enable_safety_checker 本地默认 false（官方 true）
fal-ai/stable-diffusion-v35-large,stable-diffusion-v35-large,Stability AI / Stable Diffusion V3.5 Large,stability,text-to-image,,1~4 张（字段 num_images）,1:1、3:4、9:16、4:3、16:9；默认 1:1,1:1=1024x1024；3:4=768x1024；9:16=720x1280；4:3=1024x768；16:9=1280x720,,字段 image_size,字段 output_format；jpeg、png；默认 jpeg,,,enable_safety_checker（默认 false）；sync_mode（默认 false）,seed；num_inference_steps（1~50）,guidance_scale（0~20）,negative_prompt,,prompt,controlnet(object)；ip_adapter(null|object)；loras(array(默认[])),enable_safety_checker 本地默认 false（官方 true）
fal-ai/hunyuan-image/v2.1/text-to-image,hunyuan-image-v2.1-text-to-image,Tencent / Hunyuan Image V2.1,tencent,text-to-image,,1~4 张（字段 num_images）,1:1、3:4、9:16、4:3、16:9；默认 1:1,1:1=1024x1024；3:4=768x1024；9:16=720x1280；4:3=1024x768；16:9=1280x720,,字段 image_size,字段 output_format；jpeg、png；默认 png,,,use_reprompt（默认 true）；use_refiner（默认 true）；enable_safety_checker（默认 false）；sync_mode（默认 false）,seed；num_inference_steps（1~50）,guidance_scale（1~20）,negative_prompt,,prompt,,use_refiner 本地默认 true（官方 false）；enable_safety_checker 本地默认 false（官方 true）
fal-ai/hunyuan-image/v3/text-to-image,hunyuan-image-v3-text-to-image,Tencent / Hunyuan Image V3,tencent,text-to-image,,1~4 张（字段 num_images）,1:1、3:4、9:16、4:3、16:9；默认 1:1,1:1=1024x1024；3:4=768x1024；9:16=720x1280；4:3=1024x768；16:9=1280x720,,字段 image_size,字段 output_format；jpeg、png；默认 png,,,enable_prompt_expansion（默认 true）；enable_safety_checker（默认 false）；sync_mode（默认 false）,seed；num_inference_steps（1~50）,guidance_scale（1~20）,negative_prompt,,prompt,,enable_prompt_expansion 本地默认 true（官方 false）；enable_safety_checker 本地默认 false（官方 true）
fal-ai/hunyuan-image/v3/instruct/text-to-image,hunyuan-image-v3-instruct-text-to-image,Tencent / Hunyuan Image V3 Instruct,tencent,text-to-image,fal-ai/hunyuan-image/v3/instruct/edit,1~4 张（字段 num_images）,1:1、3:4、9:16、4:3、16:9、auto；默认 auto,auto=auto；1:1=1024x1024；3:4=768x1024；9:16=720x1280；4:3=1024x768；16:9=1280x720,,字段 image_size,字段 output_format；jpeg、png；默认 png,,,enable_prompt_expansion（默认 true）；enable_safety_checker（默认 false）；sync_mode（默认 false）,seed,guidance_scale（2~20）,,,prompt,,enable_safety_checker 本地默认 false（官方 true）
fal-ai/hunyuan-image/v3/instruct/edit,hunyuan-image-v3-instruct-edit,Tencent / Hunyuan Image V3 Instruct Edit,tencent,image-to-image,fal-ai/hunyuan-image/v3/instruct/text-to-image,1~4 张（字段 num_images）,1:1、3:4、9:16、4:3、16:9、auto；默认 auto,auto=auto；1:1=1024x1024；3:4=768x1024；9:16=720x1280；4:3=1024x768；16:9=1280x720,,字段 image_size,字段 output_format；jpeg、png；默认 png,字段 image_urls（最多 4 张）,,enable_prompt_expansion（默认 true）；enable_safety_checker（默认 false）；sync_mode（默认 false）,seed,guidance_scale（2~20）,,,prompt、image_urls,,enable_safety_checker 本地默认 false（官方 true）
xai/grok-imagine-image/quality/text-to-image,grok-imagine-image-pro,xAI / Grok Imagine Pro,xai,text-to-image,xai/grok-imagine-image/quality/edit,1~4 张（字段 num_images）,字段 aspect_ratio；2:1、20:9、19.5:9、16:9、4:3、3:2、1:1、2:3、3:4、9:16、9:19.5、9:20、1:2；默认 1:1,,字段 resolution；1k、2k；默认 1k,,字段 output_format；jpeg、png、webp；默认 jpeg,,,sync_mode,,,,,prompt,,
xai/grok-imagine-image/quality/edit,grok-imagine-image-pro/edit,xAI / Grok Imagine Pro Edit,xai,image-to-image,xai/grok-imagine-image/quality/text-to-image,1~4 张（字段 num_images）,字段 aspect_ratio；auto、2:1、20:9、19.5:9、16:9、4:3、3:2、1:1、2:3、3:4、9:16、9:19.5、9:20、1:2；默认 auto,,字段 resolution；1k、2k；默认 1k,,字段 output_format；jpeg、png、webp；默认 jpeg,字段 image_urls（最多 3 张）,,sync_mode,,,,,prompt,,
xai/grok-imagine-image,grok-imagine-image,xAI / Grok Imagine,xai,text-to-image,xai/grok-imagine-image/edit,1~4 张（字段 num_images）,字段 aspect_ratio；2:1、20:9、19.5:9、16:9、4:3、3:2、1:1、2:3、3:4、9:16、9:19.5、9:20、1:2；默认 1:1,,字段 resolution；1k、2k；默认 1k,,字段 output_format；jpeg、png、webp；默认 jpeg,,,sync_mode,,,,,prompt,,
xai/grok-imagine-image/edit,grok-imagine-image/edit,xAI / Grok Imagine Edit,xai,image-to-image,xai/grok-imagine-image,1~4 张（字段 num_images）,字段 aspect_ratio；auto、2:1、20:9、19.5:9、16:9、4:3、3:2、1:1、2:3、3:4、9:16、9:19.5、9:20、1:2；默认 auto,,字段 resolution；1k、2k；默认 1k,,字段 output_format；jpeg、png、webp；默认 jpeg,字段 image_urls（最多 3 张）,,sync_mode,,,,,prompt,,
fal-ai/cogview4,cogview4,Zhipu AI / CogView4,zhipu,text-to-image,,1~4 张（字段 num_images）,1:1、3:4、9:16、4:3、16:9；默认 4:3,1:1=1024x1024；3:4=768x1024；9:16=720x1280；4:3=1024x768；16:9=1280x720,,字段 image_size,字段 output_format；jpeg、png；默认 jpeg,,,enable_safety_checker（默认 false）；sync_mode（默认 false）,seed；num_inference_steps（1~50）,guidance_scale（0~20）,negative_prompt,,prompt,,enable_safety_checker 本地默认 false（官方 true）
fal-ai/glm-image,glm-image,Zhipu AI / GLM Image,zhipu,text-to-image,fal-ai/glm-image/image-to-image,1~4 张（字段 num_images）,1:1、3:4、9:16、4:3、16:9；默认 1:1,1:1=1024x1024；3:4=768x1024；9:16=720x1280；4:3=1024x768；16:9=1280x720,,字段 image_size,字段 output_format；jpeg、png；默认 jpeg,,,enable_safety_checker（默认 false）；sync_mode（默认 false）；enable_prompt_expansion（默认 true）,seed；num_inference_steps（10~100）,guidance_scale（1~10）,,,prompt,,enable_safety_checker 本地默认 false（官方 true）；enable_prompt_expansion 本地默认 true（官方 false）
fal-ai/glm-image/image-to-image,glm-image-image-to-image,Zhipu AI / GLM Image Edit,zhipu,image-to-image,fal-ai/glm-image,1~4 张（字段 num_images）,1:1、3:4、9:16、4:3、16:9；默认 1:1,1:1=1024x1024；3:4=768x1024；9:16=720x1280；4:3=1024x768；16:9=1280x720,,字段 image_size,字段 output_format；jpeg、png；默认 jpeg,字段 image_urls（最多 4 张）,,enable_safety_checker（默认 false）；sync_mode（默认 false）；enable_prompt_expansion（默认 true）,seed；num_inference_steps（10~100）,guidance_scale（1~10）,,,prompt、image_urls,,enable_safety_checker 本地默认 false（官方 true）；enable_prompt_expansion 本地默认 true（官方 false）
